Filename,filetype,y,0,1,2,3,4,5,6,7,8
2016-03-03_18-01-50-492-I-T-interrogator_openface.csv,I-T,1.0,0.19596541786743515,0.0,0.11047070124879924,0.26609029779058596,0.12295869356388088,0.11815561959654179,0.17579250720461095,0.010566762728146013,0.0
2016-03-03_18-01-50-492-W-T-bpark014_openface.csv,W-T,1.0,0.16666666666666666,0.16666666666666666,0.0,0.0,0.0,0.25,0.16666666666666666,0.25,0.0
2016-03-11_16-16-40-42-I-B-interrogator_openface.csv,I-B,0.0,0.26141450313339304,0.0,0.0,0.0,0.0,0.5308863025962399,0.09937332139659803,0.10832587287376902,0.0
2016-03-11_16-16-40-42-W-B-pamela3_openface.csv,W-B,0.0,0.017497812773403325,0.026246719160104987,0.0,0.0,0.0,0.2432195975503062,0.0,0.7130358705161854,0.0
2016-03-15_18-15-13-468-I-T-interrogator_openface.csv,I-T,1.0,0.3911620294599018,0.018821603927986905,0.0,0.0,0.0,0.11865793780687398,0.4157119476268412,0.05564648117839607,0.0
2016-03-15_18-15-13-468-W-T-Sprinkles_openface.csv,W-T,1.0,0.006600660066006601,0.0,0.0008250825082508251,0.0,0.0024752475247524753,0.820957095709571,0.0,0.16914191419141913,0.0
2016-03-15_21-12-05-243-I-T-interrogator_openface.csv,I-T,1.0,0.026484018264840183,0.0,0.0,0.7634703196347032,0.0,0.0073059360730593605,0.20273972602739726,0.0,0.0
2016-03-15_21-12-05-243-W-T-Asha4678_openface.csv,W-T,1.0,0.0,0.0,0.0,0.5352112676056338,0.0,0.0,0.4647887323943662,0.0,0.0
2016-03-16_10-05-49-922-I-T-annabanana_openface.csv,I-T,1.0,0.0,0.0,0.2,0.0,0.5,0.2,0.0,0.1,0.0
2016-03-16_10-05-49-922-W-T-tarples_openface.csv,W-T,1.0,0.0048367593712212815,0.12696493349455865,0.0,0.0,0.006045949214026602,0.22853688029020555,0.0,0.6215235792019347,0.012091898428053204
2016-06-07_12-20-38-706-I-T-interrogator_openface.csv,I-T,1.0,0.0686359687228497,0.03735881841876629,0.0,0.0,0.0,0.4317984361424848,0.0069504778453518675,0.45091225021720244,0.004344048653344918
2016-06-07_12-20-38-706-W-T-pkaye_openface.csv,W-T,1.0,0.24858757062146894,0.005649717514124294,0.0,0.005649717514124294,0.0,0.14689265536723164,0.5056497175141242,0.08757062146892655,0.0
2016-06-08_13-59-09-521-I-B-matb321_openface.csv,I-B,0.0,0.0,0.0,0.5828460038986355,0.36939571150097467,0.024366471734892786,0.008771929824561403,0.0,0.014619883040935672,0.0
2016-06-08_13-59-09-521-W-B-sethdeco_openface.csv,W-B,0.0,0.008522727272727272,0.014204545454545454,0.26988636363636365,0.009943181818181818,0.4034090909090909,0.21875,0.008522727272727272,0.06676136363636363,0.0
2016-06-08_14-28-32-854-I-B-ESKAiNE_openface.csv,I-B,0.0,0.2857142857142857,0.0,0.0,0.0,0.0,0.0,0.7142857142857143,0.0,0.0
2016-06-08_14-28-32-854-W-B-JimBob_openface.csv,W-B,0.0,0.19615912208504802,0.0,0.0,0.0,0.0027434842249657062,0.7503429355281207,0.027434842249657063,0.023319615912208505,0.0
2016-06-08_19-02-40-950--I-B-amyflam_openface.csv,I-B,0.0,0.0,0.0,0.9666666666666667,0.0,0.03333333333333333,0.0,0.0,0.0,0.0
2016-06-08_19-02-40-950-W-B-stars33hoc_openface.csv,W-B,0.0,0.0011013215859030838,0.0,0.6475770925110133,0.33370044052863435,0.0,0.0,0.01762114537444934,0.0,0.0
2016-06-09_09-05-50-814-I-T-jay24_openface.csv,I-T,1.0,0.13924050632911392,0.04746835443037975,0.0,0.0,0.0,0.23417721518987342,0.06962025316455696,0.509493670886076,0.0
2016-06-09_09-05-50-814-W-T-chomp_openface.csv,W-T,1.0,0.35208711433756806,0.0,0.007259528130671506,0.12885662431941924,0.009074410163339383,0.1851179673321234,0.3157894736842105,0.0018148820326678765,0.0
2016-06-09_09-16-19-112-I-T-interrogator_openface.csv,I-T,1.0,0.3482373172828891,0.007738607050730868,0.0,0.0,0.0,0.5374032674118658,0.02407566638005159,0.0825451418744626,0.0
2016-06-09_09-16-19-112-W-T-pacers101_openface.csv,W-T,1.0,0.006862745098039216,0.0,0.00980392156862745,0.9029411764705882,0.012745098039215686,0.006862745098039216,0.060784313725490195,0.0,0.0
2016-06-09_10-21-37-95-I-B-interrogator_openface.csv,I-B,0.0,0.058823529411764705,0.0,0.0,0.058823529411764705,0.0,0.058823529411764705,0.8235294117647058,0.0,0.0
2016-06-09_10-21-37-95-W-B-describer_openface.csv,W-B,0.0,0.010582010582010581,0.2156084656084656,0.006613756613756613,0.0,0.03042328042328042,0.23941798941798942,0.0026455026455026454,0.36243386243386244,0.13227513227513227
2016-06-09_14-57-19-201-I-B-spottmonsta_openface.csv,I-B,0.0,0.033229491173416406,0.05399792315680166,0.006230529595015576,0.03842159916926272,0.006230529595015576,0.2824506749740395,0.007268951194184839,0.5358255451713395,0.036344755970924195
2016-06-09_14-57-19-201-W-B-RobbyRoo_openface.csv,W-B,0.0,0.0058823529411764705,0.17450980392156862,0.27450980392156865,0.09117647058823529,0.17745098039215687,0.0803921568627451,0.0,0.07745098039215687,0.11862745098039215
2016-06-09_19-03-42-701-I-T-Blankman_openface.csv,I-T,1.0,0.03063063063063063,0.032432432432432434,0.14954954954954955,0.007207207207207207,0.17657657657657658,0.5477477477477477,0.0036036036036036037,0.05225225225225225,0.0
2016-06-09_19-03-42-701-W-T-slothbear_openface.csv,W-T,1.0,0.12949640287769784,0.17985611510791366,0.02158273381294964,0.02877697841726619,0.07913669064748201,0.09352517985611511,0.10071942446043165,0.3669064748201439,0.0
2016-06-10_11-15-58-679-I-T-interrogator_openface.csv,I-T,1.0,0.21897810218978103,0.021897810218978103,0.0,0.0,0.05474452554744526,0.49635036496350365,0.0,0.20802919708029197,0.0
2016-06-10_11-15-58-679-W-T-Obes86_openface.csv,W-T,1.0,0.09544950055493896,0.0,0.15205327413984462,0.07991120976692564,0.244173140954495,0.30077691453940064,0.07214206437291898,0.05549389567147614,0.0
2016-06-15_14-19-27-616-I-B-interrogator_openface.csv,I-B,0.0,0.0,0.008547008547008548,0.1111111111111111,0.0,0.2222222222222222,0.5085470085470085,0.0,0.14957264957264957,0.0
2016-06-15_14-19-27-616-W-B-describer_openface.csv,W-B,0.0,0.36903602726387535,0.028237585199610515,0.04089581304771178,0.008763388510223954,0.11684518013631938,0.249269717624148,0.14410905550146055,0.03700097370983447,0.005842259006815969
2016-06-17_12-13-27-771-I-T-interrogator_openface.csv,I-T,1.0,0.0,0.0,0.9892933618843683,0.010706638115631691,0.0,0.0,0.0,0.0,0.0
2016-06-27_10-18-39-581-I-T-midi_openface.csv,I-T,1.0,0.3655705996131528,0.0,0.0,0.013539651837524178,0.025145067698259187,0.4912959381044487,0.09864603481624758,0.005802707930367505,0.0
2016-06-27_10-18-39-581-W-T-blueamy_openface.csv,W-T,1.0,0.07378640776699029,0.0,0.0,0.0,0.0,0.4058252427184466,0.001941747572815534,0.5184466019417475,0.0
2016-06-27_13-10-48-352-I-T-interrogator_openface.csv,I-T,1.0,1.0,0.0,0.0,0.0,0.0,0.0,0.0,0.0,0.0
2016-06-27_13-10-48-352-W-T-describer_openface.csv,W-T,1.0,0.0,0.0,0.22921914357682618,0.0,0.30730478589420657,0.41183879093198994,0.0,0.05163727959697733,0.0
2016-06-27_15-39-18-93-I-T-mturkff21_openface.csv,I-T,1.0,0.28402366863905326,0.0,0.0,0.0,0.01775147928994083,0.6627218934911243,0.023668639053254437,0.011834319526627219,0.0
2016-06-27_15-39-18-93-W-T-Buck417_openface.csv,W-T,1.0,0.12009803921568628,0.0,0.15073529411764705,0.3002450980392157,0.11519607843137254,0.17401960784313725,0.1053921568627451,0.03431372549019608,0.0
2016-06-27_16-30-46-620-I-B-jenningska_openface.csv,I-B,0.0,0.0011074197120708748,0.18715393133997785,0.37320044296788485,0.013289036544850499,0.08637873754152824,0.12624584717607973,0.0,0.21040974529346623,0.0022148394241417496
2016-06-27_16-30-46-620-W-B-hwong_openface.csv,W-B,0.0,0.14942528735632185,0.04942528735632184,0.0,0.0,0.0,0.10459770114942529,0.628735632183908,0.04252873563218391,0.02528735632183908
2016-06-27_18-38-55-777-I-B-interrogator_openface.csv,I-B,0.0,0.07854984894259819,0.0,0.0,0.0,0.0,0.7787009063444109,0.004531722054380665,0.13821752265861026,0.0
2016-06-27_18-38-55-777-W-B-xyjiryo_openface.csv,W-B,0.0,0.015754560530679935,0.0,0.8233830845771144,0.07711442786069651,0.0779436152570481,0.003316749585406302,0.0024875621890547263,0.0,0.0
2016-06-28_11-01-38-934-I-B-interrogator_openface.csv,I-B,0.0,0.18341307814992025,0.0,0.018341307814992026,0.0,0.03349282296650718,0.6044657097288676,0.006379585326953748,0.15390749601275916,0.0
2016-06-28_11-01-38-934-W-B-MasterBeatty_openface.csv,W-B,0.0,0.0,0.0,0.8516439454691259,0.0008019246190858059,0.09302325581395349,0.0545308740978348,0.0,0.0,0.0
2016-06-28_14-46-30-695-I-B-interrogator_openface.csv,I-B,0.0,0.01819620253164557,0.005537974683544304,0.0,0.0,0.0,0.5917721518987342,0.010284810126582278,0.37420886075949367,0.0
2016-06-28_14-46-30-695-W-B-DefJukie_openface.csv,W-B,0.0,0.0,0.006766917293233083,0.0,0.0,0.027819548872180452,0.51203007518797,0.0,0.45338345864661656,0.0
2016-06-28_14-54-10-129-I-T-SkiMan_openface.csv,I-T,1.0,0.0,0.4889937106918239,0.0,0.0,0.0,0.018867924528301886,0.0,0.3584905660377358,0.13364779874213836
2016-06-28_14-54-10-129-W-T-kessikitty_openface.csv,W-T,1.0,0.19761499148211242,0.013628620102214651,0.056218057921635436,0.01192504258943782,0.04599659284497445,0.22487223168654175,0.3185689948892675,0.131175468483816,0.0
2016-06-29_11-06-57-279-I-B-interrogator_openface.csv,I-B,0.0,0.09296148738379814,0.0,0.4409030544488712,0.033200531208499334,0.150066401062417,0.18725099601593626,0.09428950863213811,0.0013280212483399733,0.0
2016-06-29_11-06-57-279-W-B-describer_openface.csv,W-B,0.0,0.0,0.0,0.0,0.0,0.0,0.5714285714285714,0.0,0.42857142857142855,0.0
2016-06-30_14-03-23-90-I-T-interrogator_openface.csv,I-T,1.0,0.0,0.0,0.3333333333333333,0.0,0.0,0.6666666666666666,0.0,0.0,0.0
2016-06-30_14-03-23-90-W-T-describer_openface.csv,W-T,1.0,0.06781485468245425,0.02583423035522067,0.0193756727664155,0.011840688912809472,0.04520990312163617,0.3433799784714747,0.00968783638320775,0.47685683530678147,0.0
2016-07-01_11-11-17-124-I-B-interrogator_openface.csv,I-B,0.0,0.0,0.03212435233160622,0.661139896373057,0.008290155440414507,0.13575129533678756,0.05906735751295337,0.0,0.07150259067357513,0.03212435233160622
2016-07-01_11-11-17-124-W-B-describer_openface.csv,W-B,0.0,0.054945054945054944,0.01098901098901099,0.06318681318681318,0.0,0.25824175824175827,0.49725274725274726,0.0,0.10989010989010989,0.005494505494505495
2016-07-01_11-21-24-649-I-T-interrogator_openface.csv,I-T,1.0,0.0,0.0,0.08754208754208755,0.0,0.1447811447811448,0.44107744107744107,0.0,0.3265993265993266,0.0
2016-07-01_11-21-24-649-W-T-describer_openface.csv,W-T,1.0,0.08360836083608361,0.0,0.35973597359735976,0.1573157315731573,0.1496149614961496,0.20572057205720573,0.0121012101210121,0.0319031903190319,0.0
2016-07-01_14-09-14-629-I-B-interrogator_openface.csv,I-B,0.0,0.11529933481152993,0.16851441241685144,0.18181818181818182,0.07982261640798226,0.1197339246119734,0.09534368070953436,0.09312638580931264,0.1352549889135255,0.011086474501108648
2016-07-01_14-09-14-629-W-B-describer_openface.csv,W-B,0.0,0.0,0.11601642710472279,0.15297741273100615,0.0,0.23100616016427106,0.31006160164271046,0.0,0.15195071868583163,0.037987679671457907
2016-07-01_14-17-15-163-I-B-interrogator_openface.csv,I-B,0.0,0.0,0.0975609756097561,0.12195121951219512,0.0,0.1319290465631929,0.3348115299334812,0.0,0.2827050997782705,0.031042128603104215
2016-07-01_14-17-15-163-W-B-describer_openface.csv,W-B,0.0,0.053019145802650956,0.06774668630338733,0.055964653902798235,0.017673048600883652,0.22385861561119294,0.38438880706921946,0.008836524300441826,0.09720176730486009,0.09131075110456553
2016-10-31_14-31-23-340-I-T-mtworker21_openface.csv,I-T,1.0,0.014084507042253521,0.0,0.2676056338028169,0.0,0.29577464788732394,0.4225352112676056,0.0,0.0,0.0
2016-10-31_14-31-23-340-W-T-cdt9681_openface.csv,W-T,1.0,0.12349639133921411,0.0,0.00801924619085806,0.0024057738572574178,0.04170008019246191,0.5581395348837209,0.007217321571772253,0.2590216519647153,0.0
2016-10-31_14-50-50-13-I-B-interrogator_openface.csv,I-B,0.0,0.0,0.0,0.0,0.0,0.0,0.5627240143369175,0.0,0.43727598566308246,0.0
2016-10-31_14-50-50-13-W-B-N3IL_openface.csv,W-B,0.0,0.13588110403397027,0.0,0.39844302901627743,0.1387119603680113,0.2434536447275301,0.06227883934890304,0.021231422505307854,0.0,0.0
2016-10-31_14-57-52-839-I-B-interrogator_openface.csv,I-B,0.0,0.0,0.03255813953488372,0.0,0.0,0.0,0.49612403100775193,0.0,0.47131782945736433,0.0
2016-10-31_14-57-52-839-W-B-Gabby12_openface.csv,W-B,0.0,0.11266294227188083,0.0,0.1191806331471136,0.5549348230912476,0.08845437616387337,0.0297951582867784,0.09497206703910614,0.0,0.0
2016-11-02_09-00-13-953-I-B-jcook2849_openface.csv,I-B,0.0,0.015570934256055362,0.07093425605536333,0.18858131487889274,0.04238754325259515,0.15397923875432526,0.36505190311418684,0.0008650519031141869,0.16262975778546712,0.0
2016-11-02_09-00-13-953-W-B-CheerfulChuck_openface.csv,W-B,0.0,0.019230769230769232,0.0,0.21153846153846154,0.40384615384615385,0.1346153846153846,0.09615384615384616,0.1346153846153846,0.0,0.0
2016-11-02_09-12-07-438-I-T-interrogator_openface.csv,I-T,1.0,0.33855331841909025,0.024608501118568233,0.0,0.0,0.041759880686055184,0.41834451901565994,0.06562266964951528,0.10141685309470544,0.009694258016405667
2016-11-02_09-12-07-438-W-T-CheerfulChuck_openface.csv,W-T,1.0,0.11479028697571744,0.0,0.4613686534216336,0.18763796909492272,0.1346578366445916,0.04415011037527594,0.05739514348785872,0.0,0.0
2016-11-07_16-04-30-467-I-T-mturker69_openface.csv,I-T,1.0,0.131551901336074,0.0,0.20966084275436794,0.31551901336073995,0.1510791366906475,0.12332990750256938,0.04933196300102775,0.019527235354573486,0.0
2016-11-07_16-04-30-467-W-T-Marc_openface.csv,W-T,1.0,0.0,0.02697495183044316,0.0,0.0,0.002890173410404624,0.5317919075144508,0.0,0.4344894026974952,0.0038535645472061657
2016-11-07_16-31-08-51-I-B-interrogator_openface.csv,I-B,0.0,0.2178294573643411,0.007751937984496124,0.007751937984496124,0.0015503875968992248,0.059689922480620154,0.5527131782945737,0.07829457364341086,0.07441860465116279,0.0
2016-11-07_16-31-08-51-W-B-Marc_openface.csv,W-B,0.0,0.0,0.0,0.08854961832061069,0.0,0.45038167938931295,0.45038167938931295,0.0,0.010687022900763359,0.0
2016-11-16_15-02-44-269-I-T-cupcakemenace_openface.csv,I-T,1.0,0.0,0.0,0.0,0.0,0.0,0.012195121951219513,0.0,0.9878048780487805,0.0
2016-11-16_15-02-44-269-W-T-Dorabella_openface.csv,W-T,1.0,0.029411764705882353,0.0,0.0,0.0,0.0,0.38235294117647056,0.0,0.5882352941176471,0.0
2016-11-16_15-09-44-142-I-B-Dorabella_openface.csv,I-B,0.0,0.12048192771084337,0.0,0.2891566265060241,0.024096385542168676,0.2891566265060241,0.1927710843373494,0.07228915662650602,0.012048192771084338,0.0
2016-11-16_15-09-44-142-W-B-cupcakemenace_openface.csv,W-B,0.0,0.0576271186440678,0.0,0.0576271186440678,0.0,0.10508474576271186,0.4271186440677966,0.003389830508474576,0.34915254237288135,0.0
2016-11-16_15-16-14-317-I-B-cupcakemenace_openface.csv,I-B,0.0,0.06433566433566433,0.0013986013986013986,0.03076923076923077,0.005594405594405594,0.06433566433566433,0.5944055944055944,0.0,0.23916083916083916,0.0
2016-11-16_15-16-14-317-W-B-Dorabella_openface.csv,W-B,0.0,0.1506849315068493,0.0,0.0,0.0,0.0,0.4657534246575342,0.0410958904109589,0.3424657534246575,0.0
2016-11-16_15-22-35-549-I-T-Dorabella_openface.csv,I-T,1.0,0.0,0.07692307692307693,0.0,0.0,0.0,0.038461538461538464,0.0,0.8846153846153846,0.0
2016-11-16_15-22-35-549-W-T-cupcakemenace_openface.csv,W-T,1.0,0.09295774647887324,0.0676056338028169,0.022535211267605635,0.0,0.02112676056338028,0.6028169014084507,0.005633802816901409,0.18732394366197183,0.0
2016-11-16_15-28-45-33-I-T-cupcakemenace_openface.csv,I-T,1.0,0.0,0.0,0.0,0.0,0.05454545454545454,0.8363636363636363,0.0,0.10909090909090909,0.0
2016-11-16_15-28-45-33-W-T-Dorabella_openface.csv,W-T,1.0,0.0,0.0,0.0,0.0,0.0,0.0,0.0,1.0,0.0
2016-11-17_15-04-57-574-I-B-Starlord5_openface.csv,I-B,0.0,0.012455516014234875,0.18505338078291814,0.0,0.0,0.010676156583629894,0.19572953736654805,0.0,0.5373665480427047,0.05871886120996441
2016-11-17_15-04-57-574-W-B-Larremor_openface.csv,W-B,0.0,0.06763925729442971,0.09814323607427056,0.015915119363395226,0.16180371352785147,0.05570291777188329,0.1962864721485411,0.0636604774535809,0.20424403183023873,0.13660477453580902
2016-11-17_15-13-20-248-I-B-Starlord5_openface.csv,I-B,0.0,0.006379585326953748,0.07177033492822966,0.0,0.0,0.0,0.3253588516746411,0.001594896331738437,0.5629984051036683,0.03189792663476874
2016-11-17_15-13-20-248-W-B-Larremor_openface.csv,W-B,0.0,0.06063829787234042,0.03723404255319149,0.02446808510638298,0.1276595744680851,0.07765957446808511,0.22021276595744682,0.21170212765957447,0.07659574468085106,0.16382978723404254
2016-11-17_15-30-42-250-I-B-Larremor_openface.csv,I-B,0.0,0.022172949002217297,0.11529933481152993,0.011086474501108648,0.0,0.08425720620842572,0.2638580931263858,0.008869179600886918,0.34146341463414637,0.15299334811529933
2016-11-17_15-30-42-250-W-B-Starlord5_openface.csv,W-B,0.0,0.07537688442211055,0.05527638190954774,0.0,0.0,0.0,0.5527638190954773,0.007537688442211055,0.30904522613065327,0.0
2016-11-17_15-37-36-401-I-B-Starlord5_openface.csv,I-B,0.0,0.044543429844097995,0.133630289532294,0.0022271714922048997,0.0,0.024498886414253896,0.30066815144766146,0.015590200445434299,0.3207126948775056,0.15812917594654788
2016-11-17_15-37-36-401-W-B-Larremor_openface.csv,W-B,0.0,0.017013232514177693,0.24669187145557656,0.027410207939508508,0.011342155009451797,0.035916824196597356,0.09168241965973535,0.002835538752362949,0.24007561436672967,0.3270321361058601
2016-12-09_15-31-59-194-I-T-interrogator_openface.csv,I-T,1.0,0.04470359572400389,0.012633624878522837,0.0,0.0,0.0,0.7210884353741497,0.0,0.22157434402332363,0.0
2016-12-09_15-31-59-194-W-T-UserJ_openface.csv,W-T,1.0,0.06313416009019165,0.0,0.14205186020293123,0.05186020293122886,0.13641488162344984,0.46674182638105977,0.014656144306651634,0.12514092446448705,0.0
2016-12-15_11-16-56-369-I-T-ce1hci_openface.csv,I-T,1.0,0.0,0.10881542699724518,0.03305785123966942,0.0,0.30303030303030304,0.33746556473829203,0.0,0.21763085399449036,0.0
2016-12-15_11-16-56-369-W-T-rk1hci_openface.csv,W-T,1.0,0.23949579831932774,0.0,0.04831932773109244,0.004201680672268907,0.22268907563025211,0.4495798319327731,0.012605042016806723,0.023109243697478993,0.0
2016-12-15_11-24-43-478-I-T-rk1hci_openface.csv,I-T,1.0,0.03759398496240601,0.0,0.06766917293233082,0.007518796992481203,0.42105263157894735,0.45112781954887216,0.0,0.015037593984962405,0.0
2016-12-15_11-24-43-478-W-T-ce1hci_openface.csv,W-T,1.0,0.0,0.06823821339950373,0.09801488833746898,0.0,0.11042183622828784,0.315136476426799,0.0,0.40694789081885857,0.0012406947890818859
2016-12-15_11-33-07-644-I-B-ce1hci_openface.csv,I-B,0.0,0.0,0.0,0.4715693707354056,0.0,0.30932524639878695,0.18043972706595907,0.0,0.03866565579984837,0.0
2016-12-15_11-33-07-644-W-B-rk1hci_openface.csv,W-B,0.0,0.1869009584664537,0.0,0.1964856230031949,0.027156549520766772,0.38817891373801916,0.17092651757188498,0.01437699680511182,0.01597444089456869,0.0
2017-01-07_11-22-41-332-I-T-awaller1990_openface.csv,I-T,1.0,0.0,0.0,0.0,1.0,0.0,0.0,0.0,0.0,0.0
2017-01-07_11-22-41-332-W-T-JB123_openface.csv,W-T,1.0,0.21333333333333335,0.0,0.005925925925925926,0.0,0.017777777777777778,0.30814814814814817,0.3585185185185185,0.0962962962962963,0.0
2017-01-09_17-06-50-611-I-B-interrogator_openface.csv,I-B,0.0,0.19428090832632464,0.02691337258200168,0.005046257359125316,0.0,0.07064760302775441,0.4533221194280908,0.01345668629100084,0.216148023549201,0.020185029436501262
2017-01-09_17-06-50-611-W-B-BurnsIV_openface.csv,W-B,0.0,0.0,0.0,0.06313131313131314,0.9099326599326599,0.007575757575757576,0.008417508417508417,0.003367003367003367,0.007575757575757576,0.0
2017-01-12_19-38-26-565-I-T-interrogator_openface.csv,I-T,1.0,0.0,0.06923076923076923,0.6326923076923077,0.1423076923076923,0.028846153846153848,0.03461538461538462,0.0,0.09230769230769231,0.0
2017-01-12_19-38-26-565-W-T-ROBOT136M_openface.csv,W-T,1.0,0.0,0.2846441947565543,0.0,0.0,0.0,0.3857677902621723,0.0,0.3295880149812734,0.0
2017-01-13_10-05-15-634-I-T-beerhound_openface.csv,I-T,1.0,0.0711825487944891,0.0,0.0574052812858783,0.4190585533869116,0.02525832376578645,0.16417910447761194,0.24110218140068887,0.021814006888633754,0.0
2017-01-13_10-05-15-634-W-T-dan1212_openface.csv,W-T,1.0,0.1678082191780822,0.0,0.0,0.00228310502283105,0.001141552511415525,0.7659817351598174,0.01141552511415525,0.05136986301369863,0.0
2017-01-13_10-15-21-96-I-T-interrogator_openface.csv,I-T,1.0,0.0,0.12300683371298406,0.0,0.0,0.0,0.15869400151860288,0.0,0.7175398633257403,0.0007593014426727411
2017-01-13_10-15-21-96-W-T-waterlu3_openface.csv,W-T,1.0,0.24285714285714285,0.0,0.010084033613445379,0.10504201680672269,0.031092436974789917,0.42016806722689076,0.13949579831932774,0.05126050420168067,0.0
2017-01-15_11-58-28-695-I-T-interrogator_openface.csv,I-T,1.0,0.18840579710144928,0.0,0.0463768115942029,0.4579710144927536,0.02318840579710145,0.15942028985507245,0.057971014492753624,0.06666666666666667,0.0
2017-01-15_11-58-28-695-W-T-bobbie_openface.csv,W-T,1.0,0.0,0.0,0.7788018433179723,0.0,0.14746543778801843,0.07373271889400922,0.0,0.0,0.0
2017-01-19_21-44-30-30-I-B-smithj57_openface.csv,I-B,0.0,0.02459893048128342,0.09518716577540107,0.2267379679144385,0.051336898395721926,0.18181818181818182,0.2994652406417112,0.006417112299465241,0.1144385026737968,0.0
2017-01-19_21-44-30-30-W-B-bradymow_openface.csv,W-B,0.0,0.001702127659574468,0.0374468085106383,0.25361702127659574,0.0,0.2680851063829787,0.29106382978723405,0.0,0.12170212765957447,0.026382978723404255
2017-01-23_14-11-22-452-I-B-Mon23p2_openface.csv,I-B,0.0,0.0027624309392265192,0.02578268876611418,0.0,0.0,0.017495395948434623,0.31123388581952116,0.0,0.6325966850828729,0.010128913443830571
2017-01-23_14-11-22-452-W-B-Mon23p1_openface.csv,W-B,0.0,0.027624309392265192,0.027624309392265192,0.06261510128913444,0.6832412523020258,0.02302025782688766,0.03959484346224678,0.06813996316758748,0.0285451197053407,0.03959484346224678
2017-01-23_14-22-31-901-I-T-Mon23p1_openface.csv,I-T,1.0,0.0259222333000997,0.005982053838484547,0.027916251246261216,0.8245264207377866,0.01694915254237288,0.03589232303090728,0.05982053838484546,0.0019940179461615153,0.0009970089730807576
2017-01-23_14-22-31-901-W-T-Mon23p3_openface.csv,W-T,1.0,0.0029910269192422734,0.031904287138584245,0.27018943170488535,0.551345962113659,0.0707876370887338,0.05284147557328016,0.0,0.019940179461615155,0.0
2017-01-23_14-36-37-921-I-B-Mon23p2_openface.csv,I-B,0.0,0.0,0.10785340314136126,0.0,0.0,0.0,0.005235602094240838,0.0,0.875392670157068,0.011518324607329843
2017-01-23_14-36-37-921-W-B-Mon23p3_openface.csv,W-B,0.0,0.0030991735537190084,0.014462809917355372,0.1683884297520661,0.6694214876033058,0.047520661157024795,0.06921487603305786,0.002066115702479339,0.025826446280991736,0.0
2017-01-23_14-51-16-907-I-B-Mon23p1_openface.csv,I-B,0.0,0.008818342151675485,0.005291005291005291,0.06613756613756613,0.8368606701940036,0.026455026455026454,0.02204585537918871,0.006172839506172839,0.012345679012345678,0.015873015873015872
2017-01-23_14-51-16-907-W-B-Mon23p2_openface.csv,W-B,0.0,0.013227513227513227,0.06878306878306878,0.0008818342151675485,0.0,0.007936507936507936,0.19047619047619047,0.0,0.718694885361552,0.0
2017-01-24_13-14-08-252-I-T-interrogator_openface.csv,I-T,1.0,0.1758139534883721,0.023255813953488372,0.11162790697674418,0.35069767441860467,0.14883720930232558,0.08930232558139535,0.07906976744186046,0.0037209302325581397,0.017674418604651163
2017-01-24_13-14-08-252-W-T-describer_openface.csv,W-T,1.0,0.09066901408450705,0.0,0.1073943661971831,0.013204225352112676,0.24031690140845072,0.4234154929577465,0.032570422535211266,0.09242957746478873,0.0
2017-01-24_13-24-30-926-I-B-interrogator_openface.csv,I-B,0.0,0.01893491124260355,0.046153846153846156,0.2686390532544379,0.007100591715976331,0.22011834319526627,0.25207100591715975,0.001183431952662722,0.18579881656804734,0.0
2017-01-24_13-24-30-926-W-B-describer_openface.csv,W-B,0.0,0.02944640753828033,0.020023557126030624,0.1625441696113074,0.3839811542991755,0.05418138987043581,0.1790341578327444,0.0035335689045936395,0.16725559481743227,0.0
2017-01-24_13-30-57-338-I-T-interrogator_openface.csv,I-T,1.0,0.0019704433497536944,0.006896551724137931,0.042364532019704436,0.0,0.13497536945812807,0.5862068965517241,0.0,0.22758620689655173,0.0
2017-01-24_13-30-57-338-W-T-describer_openface.csv,W-T,1.0,0.028431372549019607,0.0,0.043137254901960784,0.8372549019607843,0.027450980392156862,0.024509803921568627,0.0392156862745098,0.0,0.0
2017-01-24_13-39-49-946-I-T-interrogator_openface.csv,I-T,1.0,0.1516300227445034,0.02577710386656558,0.19711902956785443,0.09097801364670205,0.14859742228961334,0.28658074298711145,0.05155420773313116,0.047763457164518575,0.0
2017-01-24_13-39-49-946-W-T-describer_openface.csv,W-T,1.0,0.02470059880239521,0.005988023952095809,0.12874251497005987,0.008233532934131737,0.31137724550898205,0.40718562874251496,0.0007485029940119761,0.11302395209580839,0.0
2017-01-25_14-06-44-152-I-B-wed2_openface.csv,I-B,0.0,0.0,0.0,0.49382716049382713,0.0,0.10185185185185185,0.20987654320987653,0.0,0.19444444444444445,0.0
2017-01-25_14-06-44-152-W-B-wed3_openface.csv,W-B,0.0,0.03641732283464567,0.06496062992125984,0.08562992125984252,0.46062992125984253,0.08464566929133858,0.17618110236220472,0.03543307086614173,0.051181102362204724,0.004921259842519685
2017-01-25_14-27-37-757-I-B-wed3_openface.csv,I-B,0.0,0.0006798096532970768,0.01291638341264446,0.061182868796736914,0.7994561522773623,0.029231815091774305,0.0557443915703603,0.0,0.010876954452753228,0.02991162474507138
2017-01-25_14-27-37-757-W-B-wed2_openface.csv,W-B,0.0,0.0,0.011594202898550725,0.24710144927536232,0.0,0.3391304347826087,0.3565217391304348,0.0,0.04565217391304348,0.0
2017-01-26_14-16-48-797-I-T-interrogator_openface.csv,I-T,1.0,0.008503401360544218,0.0,0.002551020408163265,0.8554421768707483,0.00935374149659864,0.031462585034013606,0.06037414965986394,0.03231292517006803,0.0
2017-01-26_14-16-48-797-W-T-describer_openface.csv,W-T,1.0,0.0,0.0,0.3109600679694138,0.6652506372132541,0.008496176720475786,0.005097706032285472,0.002548853016142736,0.0076465590484282074,0.0
2017-01-26_14-26-15-622-I-B-interrogator_openface.csv,I-B,0.0,0.0,0.0,0.3304029304029304,0.40293040293040294,0.14285714285714285,0.07692307692307693,0.0,0.046886446886446886,0.0
2017-01-26_14-26-15-622-W-B-describer_openface.csv,W-B,0.0,0.03435672514619883,0.0,0.008771929824561403,0.5321637426900585,0.02412280701754386,0.03874269005847953,0.3472222222222222,0.014619883040935672,0.0
2017-01-26_14-38-29-906-I-T-interrogator_openface.csv,I-T,1.0,0.0016652789342214821,0.4487926727726894,0.0,0.0,0.002497918401332223,0.15154038301415487,0.002497918401332223,0.2497918401332223,0.14321398834304747
2017-01-26_14-38-29-906-W-T-describer_openface.csv,W-T,1.0,0.050590219224283306,0.03035413153456998,0.31197301854974707,0.11045531197301856,0.16020236087689713,0.25295109612141653,0.0193929173693086,0.06408094435075885,0.0
2017-01-26_14-47-20-540-I-B-interrogator_openface.csv,I-B,0.0,0.0,0.08820882088208822,0.414041404140414,0.0009000900090009,0.22682268226822683,0.1332133213321332,0.0,0.13681368136813682,0.0
2017-01-26_14-47-20-540-W-B-describer_openface.csv,W-B,0.0,0.0,0.4697802197802198,0.0,0.0,0.0,0.038461538461538464,0.0,0.23901098901098902,0.25274725274725274
2017-01-27_14-09-18-253-I-B-1272_openface.csv,I-B,0.0,0.0591016548463357,0.018912529550827423,0.002364066193853428,0.004728132387706856,0.026004728132387706,0.6122931442080378,0.009456264775413711,0.26713947990543735,0.0
2017-01-27_14-09-18-253-W-B-1271_openface.csv,W-B,0.0,0.03309692671394799,0.0,0.0,0.0,0.0,0.5981087470449172,0.0,0.36879432624113473,0.0
2017-01-27_14-20-31-480-I-B-1273_openface.csv,I-B,0.0,0.03638368246968027,0.0,0.28114663726571115,0.004410143329658214,0.3572216097023153,0.28114663726571115,0.0011025358324145535,0.03858875413450937,0.0
2017-01-27_14-20-31-480-W-B-1274_openface.csv,W-B,0.0,0.32873806998939553,0.016967126193001062,0.009544008483563097,0.09437963944856839,0.030752916224814422,0.30328738069989397,0.1420996818663839,0.07423117709437964,0.0
2017-01-27_14-28-32-985-I-T-1274_openface.csv,I-T,1.0,0.04579025110782865,0.0,0.40841949778434267,0.28508124076809455,0.1654357459379616,0.0878877400295421,0.007385524372230428,0.0,0.0
2017-01-27_14-28-32-985-W-T-1271_openface.csv,W-T,1.0,0.1321455085374907,0.09651076466221233,0.0,0.0,0.0,0.24276169265033407,0.22420193021529325,0.30438010393466963,0.0
2017-01-27_14-36-04-870-I-B-1272_openface.csv,I-B,0.0,0.016233766233766232,0.0,0.004329004329004329,0.8679653679653679,0.0021645021645021645,0.0367965367965368,0.05952380952380952,0.012987012987012988,0.0
2017-01-27_14-36-04-870-W-B-1273_openface.csv,W-B,0.0,0.005393743257820928,0.0,0.5037756202804746,0.37648327939590076,0.06364617044228695,0.05070118662351672,0.0,0.0,0.0
2017-01-30_14-02-09-31-I-T-1230mon1_openface.csv,I-T,1.0,0.0,0.02465986394557823,0.21683673469387754,0.6836734693877551,0.025510204081632654,0.02806122448979592,0.0,0.021258503401360544,0.0
2017-01-30_14-02-09-31-W-T-1230mon2_openface.csv,W-T,1.0,0.016177957532861477,0.029322548028311426,0.0,0.0,0.023255813953488372,0.6774519716885743,0.0,0.2537917087967644,0.0
2017-01-30_14-09-32-917-I-T-1230mon2_openface.csv,I-T,1.0,0.07957559681697612,0.03094606542882405,0.0,0.0,0.036251105216622455,0.618921308576481,0.0,0.16003536693191867,0.07427055702917772
2017-01-30_14-09-32-917-W-T-1230mon1_openface.csv,W-T,1.0,0.021702838063439065,0.027545909849749584,0.22203672787979967,0.5642737896494157,0.05008347245409015,0.04757929883138564,0.021702838063439065,0.028380634390651086,0.01669449081803005
2017-01-31_14-11-22-778-I-B-131e_openface.csv,I-B,0.0,0.008675078864353312,0.0,0.694794952681388,0.2192429022082019,0.0417981072555205,0.022870662460567823,0.00946372239747634,0.0031545741324921135,0.0
2017-01-31_14-11-22-778-W-B-131c_openface.csv,W-B,0.0,0.023203592814371257,0.02245508982035928,0.13922155688622753,0.6347305389221557,0.0658682634730539,0.06437125748502993,0.03817365269461078,0.011976047904191617,0.0
2017-02-01_14-12-23-235-I-B-interrogator_openface.csv,I-B,0.0,0.43485617597292725,0.001692047377326565,0.0,0.0,0.0,0.09475465313028765,0.41116751269035534,0.05752961082910321,0.0
2017-02-01_14-12-23-235-W-B-feb1p1_openface.csv,W-B,0.0,0.0,0.01559792027729636,0.01386481802426343,0.0,0.12131715771230503,0.6707105719237435,0.0,0.12478336221837089,0.053726169844020795
2017-02-01_14-20-40-167-I-B-interrogator_openface.csv,I-B,0.0,0.4816753926701571,0.010471204188481676,0.0,0.0,0.0,0.26910994764397905,0.03769633507853403,0.20104712041884817,0.0
2017-02-01_14-20-40-167-W-B-feb1p1_openface.csv,W-B,0.0,0.07015706806282722,0.024083769633507852,0.060732984293193716,0.014659685863874346,0.06282722513089005,0.5570680628272251,0.013612565445026177,0.16230366492146597,0.03455497382198953
2017-02-02_14-03-12-820-I-B-feb2p2_openface.csv,I-B,0.0,0.0,0.0,0.4534501642935378,0.25848849945235486,0.10952902519167579,0.08543263964950712,0.0,0.09309967141292443,0.0
2017-02-02_14-03-12-820-W-B-feb2P3_openface.csv,W-B,0.0,0.043478260869565216,0.07529162248144221,0.13997879109225875,0.030752916224814422,0.22799575821845175,0.3170731707317073,0.029692470837751856,0.1357370095440085,0.0
2017-02-03_14-17-10-481-I-B-gt1hci_openface.csv,I-B,0.0,0.00273224043715847,0.41530054644808745,0.060109289617486336,0.01092896174863388,0.06557377049180328,0.11475409836065574,0.0,0.2923497267759563,0.03825136612021858
2017-02-03_14-17-10-481-W-B-fridayb_openface.csv,W-B,0.0,0.0,0.09651474530831099,0.4745308310991957,0.0,0.16621983914209115,0.1554959785522788,0.0,0.10723860589812333,0.0
2017-02-03_14-27-51-501-I-B-fridayc_openface.csv,I-B,0.0,0.0065717415115005475,0.24534501642935377,0.060240963855421686,0.002190580503833516,0.13143483023001096,0.27163198247535597,0.0,0.28258488499452356,0.0
2017-02-03_14-27-51-501-W-B-fridaya_openface.csv,W-B,0.0,0.0,0.2857142857142857,0.16344916344916344,0.003861003861003861,0.10296010296010295,0.11068211068211069,0.0,0.32175032175032175,0.011583011583011582
2017-02-03_14-36-53-693-I-T-fridayc_openface.csv,I-T,1.0,0.0062836624775583485,0.16427289048473967,0.06463195691202872,0.005385996409335727,0.10323159784560143,0.2621184919210054,0.0017953321364452424,0.39228007181328545,0.0
2017-02-03_14-36-53-693-W-T-fridayb_openface.csv,W-T,1.0,0.21704035874439462,0.006278026905829596,0.20269058295964126,0.14887892376681613,0.16412556053811658,0.13721973094170403,0.1031390134529148,0.02062780269058296,0.0
2017-02-06_14-13-11-507-I-B-interrogator_openface.csv,I-B,0.0,0.0,0.6907216494845361,0.0,0.0,0.0,0.0,0.0,0.041237113402061855,0.26804123711340205
2017-02-06_14-13-11-507-W-B-feb6p1_openface.csv,W-B,0.0,0.0,0.41304347826086957,0.0,0.0,0.0,0.11684782608695653,0.0,0.2798913043478261,0.19021739130434784
2017-02-06_14-21-16-706-I-T-interrogator_openface.csv,I-T,1.0,0.1,0.0,0.0,0.0,0.0,0.7428571428571429,0.12857142857142856,0.02857142857142857,0.0
2017-02-06_14-21-16-706-W-T-feb6p1_openface.csv,W-T,1.0,0.033921302578018994,0.03595658073270014,0.3141112618724559,0.30325644504748983,0.1621438263229308,0.08480325644504749,0.02103120759837178,0.04477611940298507,0.0
2017-02-08_14-04-01-129-I-B-interrogator_openface.csv,I-B,0.0,0.041666666666666664,0.0,0.0,0.0,0.0,0.75,0.0,0.20833333333333334,0.0
2017-02-08_14-04-01-129-W-B-feb8p1_openface.csv,W-B,0.0,0.0,0.0,0.07780725022104333,0.9221927497789567,0.0,0.0,0.0,0.0,0.0
2017-02-09_14-06-18-285-I-B-feb9p1_openface.csv,I-B,0.0,0.0,0.024336283185840708,0.084070796460177,0.0,0.08296460176991151,0.4269911504424779,0.0,0.38163716814159293,0.0
2017-02-09_14-06-18-285-W-B-feb9p2_openface.csv,W-B,0.0,0.0,0.0,0.7153846153846154,0.0,0.2087912087912088,0.07362637362637363,0.0,0.002197802197802198,0.0
2017-02-09_14-14-04-955-I-B-feb9p2_openface.csv,I-B,0.0,0.0,0.07778668805132317,0.3231756214915798,0.0,0.21170809943865276,0.26142742582197276,0.0,0.12590216519647154,0.0
2017-02-09_14-14-04-955-W-B-feb9p1_openface.csv,W-B,0.0,0.0,0.24939467312348668,0.11783696529459241,0.0,0.0903954802259887,0.14285714285714285,0.0,0.32041969330104925,0.07909604519774012
2017-02-10_14-05-44-437-I-T-feb10p1_openface.csv,I-T,1.0,0.0,0.038135593220338986,0.0480225988700565,0.0,0.1327683615819209,0.5932203389830508,0.0,0.16101694915254236,0.026836158192090395
2017-02-10_14-05-44-437-W-T-feb10p2_openface.csv,W-T,1.0,0.01440922190201729,0.0,0.5994236311239193,0.12968299711815562,0.12247838616714697,0.07780979827089338,0.007204610951008645,0.04899135446685879,0.0
2017-02-10_14-15-29-238-I-T-interrogator_openface.csv,I-T,1.0,0.043243243243243246,0.0,0.0,0.0,0.0,0.3216216216216216,0.005405405405405406,0.6297297297297297,0.0
2017-02-10_14-15-29-238-W-T-feb10p4_openface.csv,W-T,1.0,0.0912863070539419,0.0,0.04979253112033195,0.02074688796680498,0.0912863070539419,0.36099585062240663,0.0636237897648686,0.32226832641770403,0.0
2017-02-13_14-11-59-155-I-T-feb213a_openface.csv,I-T,1.0,0.047706422018348627,0.0,0.43669724770642204,0.04954128440366973,0.3155963302752294,0.10091743119266056,0.005504587155963303,0.044036697247706424,0.0
2017-02-13_14-11-59-155-W-T-feb213b_openface.csv,W-T,1.0,0.04020100502512563,0.008375209380234505,0.020100502512562814,0.0,0.006700167504187605,0.46733668341708545,0.008375209380234505,0.4489112227805695,0.0
2017-02-13_14-22-05-764-I-B-feb213a_openface.csv,I-B,0.0,0.03229278794402583,0.01829924650161464,0.030139935414424113,0.02691065662002153,0.059203444564047365,0.3756727664155005,0.010764262648008612,0.44671689989235736,0.0
2017-02-13_14-22-05-764-W-B-feb213c_openface.csv,W-B,0.0,0.2,0.0,0.0,0.0031746031746031746,0.0031746031746031746,0.38095238095238093,0.08888888888888889,0.3238095238095238,0.0
2017-02-13_14-33-47-982-I-T-feb213a_openface.csv,I-T,1.0,0.21414538310412573,0.014734774066797643,0.004911591355599214,0.0481335952848723,0.010805500982318271,0.3713163064833006,0.17485265225933203,0.16110019646365423,0.0
2017-02-16_14-12-40-292-I-B-0216a_openface.csv,I-B,0.0,0.018,0.052,0.427,0.215,0.113,0.111,0.012,0.052,0.0
2017-02-16_14-12-40-292-W-B-0216b_openface.csv,W-B,0.0,0.023,0.001,0.252,0.027,0.24,0.356,0.011,0.09,0.0
2017-02-16_14-19-04-926-I-B-0216a_openface.csv,I-B,0.0,0.006060606060606061,0.0,0.28939393939393937,0.5772727272727273,0.07424242424242425,0.02727272727272727,0.022727272727272728,0.0030303030303030303,0.0
2017-02-16_14-19-04-926-W-B-0216b_openface.csv,W-B,0.0,0.030303030303030304,0.0,0.2818181818181818,0.37272727272727274,0.15,0.11666666666666667,0.041666666666666664,0.006818181818181818,0.0
2017-03-03_11-20-05-755-I-T-interrogator_openface.csv,I-T,1.0,0.2426877470355731,0.018972332015810278,0.0,0.005533596837944664,0.0007905138339920949,0.45770750988142295,0.14624505928853754,0.12806324110671938,0.0
2017-03-03_11-20-05-755-W-T-describer_openface.csv,W-T,1.0,0.006915629322268326,0.0,0.2717842323651452,0.690179806362379,0.014522821576763486,0.008990318118948824,0.0006915629322268327,0.006915629322268326,0.0
2017-03-03_11-35-42-851-I-B-interrogator_openface.csv,I-B,0.0,0.0,0.0,0.875,0.0,0.0,0.125,0.0,0.0,0.0
2017-03-03_11-35-42-851-W-B-describer_openface.csv,W-B,0.0,0.0440324449594438,0.05098493626882966,0.005793742757821553,0.0,0.0996523754345307,0.6732329084588644,0.002317497103128621,0.07300115874855156,0.05098493626882966
2017-03-03_12-14-45-849-I-B-interrogator_openface.csv,I-B,0.0,0.0,0.0,0.2711864406779661,0.0,0.3050847457627119,0.288135593220339,0.0,0.13559322033898305,0.0
2017-03-03_12-14-45-849-W-B-describer_openface.csv,W-B,0.0,0.0892018779342723,0.04976525821596244,0.06854460093896714,0.0215962441314554,0.17746478873239438,0.2863849765258216,0.007511737089201878,0.19436619718309858,0.10516431924882629
2017-03-03_12-22-10-468-I-T-interrogator_openface.csv,I-T,1.0,0.0,0.0,0.0,0.0,0.0,0.05263157894736842,0.0,0.9473684210526315,0.0
2017-03-03_12-22-10-468-W-T-describer_openface.csv,W-T,1.0,0.0,0.0,0.38169642857142855,0.0,0.33816964285714285,0.22991071428571427,0.0,0.05022321428571429,0.0
2017-03-03_12-29-48-550-I-T-interrogator_openface.csv,I-T,1.0,0.0,0.0,0.042105263157894736,0.0,0.08421052631578947,0.7473684210526316,0.0,0.12631578947368421,0.0
2017-03-03_12-29-48-550-W-T-describer_openface.csv,W-T,1.0,0.08358208955223881,0.01791044776119403,0.011343283582089553,0.011940298507462687,0.1408955223880597,0.5707462686567164,0.00955223880597015,0.15402985074626865,0.0
2017-03-03_12-37-32-755-W-T-describer_openface.csv,W-T,1.0,0.0,0.10153846153846154,0.12205128205128205,0.0,0.20102564102564102,0.2246153846153846,0.0,0.2235897435897436,0.12717948717948718
2017-03-03_13-12-03-237-I-B-interrogator_openface.csv,I-B,0.0,0.0,0.24676724137931033,0.16056034482758622,0.0,0.11961206896551724,0.2101293103448276,0.0,0.2521551724137931,0.010775862068965518
2017-03-03_13-12-03-237-W-B-describer_openface.csv,W-B,0.0,0.0,0.11421911421911422,0.019813519813519812,0.0011655011655011655,0.002331002331002331,0.11072261072261072,0.0,0.7400932400932401,0.011655011655011656
2017-03-03_13-20-28-731-I-T-interrogator_openface.csv,I-T,1.0,0.010217113665389528,0.05172413793103448,0.4399744572158365,0.26309067688378035,0.06449553001277139,0.06641123882503193,0.0038314176245210726,0.04980842911877394,0.05044699872286079
2017-03-03_13-20-28-731-W-T-describer_openface.csv,W-T,1.0,0.0012626262626262627,0.19886363636363635,0.0012626262626262627,0.0,0.00946969696969697,0.1534090909090909,0.0,0.547979797979798,0.08775252525252525
2017-03-03_13-30-40-756-I-B-interrogator_openface.csv,I-B,0.0,0.0,0.0014970059880239522,0.0,0.0,0.0,0.5815868263473054,0.0,0.41691616766467066,0.0
2017-03-03_13-30-40-756-W-B-describer_openface.csv,W-B,0.0,0.0016168148746968471,0.0064672594987873885,0.5481002425222312,0.2667744543249798,0.09539207760711399,0.050121261115602264,0.004850444624090542,0.02667744543249798,0.0
2017-03-08_12-08-33-112-I-B-interrogator_openface.csv,I-B,0.0,0.0,0.0,0.0,1.0,0.0,0.0,0.0,0.0,0.0
2017-03-08_12-08-33-112-W-B-describer_openface.csv,W-B,0.0,0.0,0.0,0.3389830508474576,0.0,0.1694915254237288,0.1864406779661017,0.0,0.3050847457627119,0.0
2017-03-08_12-18-42-263-I-T-interrogator_openface.csv,I-T,1.0,0.0,0.29316770186335406,0.0,0.0,0.0,0.06832298136645963,0.0,0.4683229813664596,0.1701863354037267
2017-03-08_12-27-19-148-I-B-interrogator_openface.csv,I-B,0.0,0.04185022026431718,0.003303964757709251,0.2918502202643172,0.022026431718061675,0.28744493392070486,0.30616740088105726,0.015418502202643172,0.031938325991189426,0.0
2017-03-08_13-12-38-74-I-T-interrogator_openface.csv,I-T,1.0,0.0631786771964462,0.10463968410661402,0.012833168805528134,0.07305034550839092,0.07206317867719644,0.4076999012833169,0.03356367226061204,0.23000987166831194,0.0029615004935834156
2017-03-08_13-12-38-74-W-T-describer_openface.csv,W-T,1.0,0.0,0.07894736842105263,0.02631578947368421,0.0,0.21052631578947367,0.5131578947368421,0.0,0.17105263157894737,0.0
2017-03-08_13-24-24-724-I-T-interrogator_openface.csv,I-T,1.0,0.0,0.0,0.7469586374695864,0.0989456609894566,0.12165450121654502,0.032441200324412,0.0,0.0,0.0
2017-03-08_13-24-24-724-W-T-describer_openface.csv,W-T,1.0,0.053691275167785234,0.007550335570469799,0.21728187919463088,0.024328859060402684,0.13590604026845637,0.28691275167785235,0.02348993288590604,0.25083892617449666,0.0
2017-03-24_10-48-39-430-I-B-interrogator_openface.csv,I-B,0.0,0.0,0.01601164483260553,0.14264919941775836,0.0,0.2925764192139738,0.3027656477438137,0.0,0.24599708879184862,0.0
2017-03-24_10-48-39-430-W-B-describer_openface.csv,W-B,0.0,0.03861003861003861,0.0,0.07915057915057915,0.0,0.17953667953667954,0.5424710424710425,0.0,0.16023166023166024,0.0
2017-03-24_11-01-01-49-I-B-interrogator_openface.csv,I-B,0.0,0.06048387096774194,0.0,0.13306451612903225,0.22580645161290322,0.10483870967741936,0.43548387096774194,0.008064516129032258,0.03225806451612903,0.0
2017-03-24_11-44-02-309-I-T-interrogator_openface.csv,I-T,1.0,0.043478260869565216,0.18840579710144928,0.0,0.0,0.2898550724637681,0.37681159420289856,0.0,0.10144927536231885,0.0
2017-03-24_11-44-02-309-W-T-describer_openface.csv,W-T,1.0,0.09722222222222222,0.1388888888888889,0.0,0.0,0.024305555555555556,0.3993055555555556,0.003472222222222222,0.3194444444444444,0.017361111111111112
2017-03-24_11-50-29-214-I-B-interrogator_openface.csv,I-B,0.0,0.014360313315926894,0.030026109660574413,0.21148825065274152,0.057441253263707574,0.17101827676240208,0.24804177545691905,0.0026109660574412533,0.2650130548302872,0.0
2017-03-24_11-50-29-214-W-B-describer_openface.csv,W-B,0.0,0.03042198233562316,0.07360157016683022,0.012757605495583905,0.0009813542688910696,0.08635917566241413,0.3778213935230618,0.012757605495583905,0.35132482826300293,0.053974484789008834
2017-03-24_11-56-40-959-I-T-interrogator_openface.csv,I-T,1.0,0.11662075298438934,0.0,0.162534435261708,0.14325068870523416,0.09090909090909091,0.3397612488521579,0.03856749311294766,0.10835629017447199,0.0
2017-03-24_11-56-40-959-W-T-describer_openface.csv,W-T,1.0,0.03130590339892665,0.0017889087656529517,0.17620751341681573,0.016100178890876567,0.19320214669051877,0.40608228980322003,0.04293381037567084,0.13237924865831843,0.0
2017-03-24_12-40-18-142-I-T-interrogator_openface.csv,I-T,1.0,0.014184397163120567,0.004964539007092199,0.0,0.0,0.0014184397163120568,0.4787234042553192,0.0,0.500709219858156,0.0
2017-03-24_12-40-18-142-W-T-describer_openface.csv,W-T,1.0,0.0,0.00870195794053662,0.41551849166062366,0.0007251631617113851,0.23857868020304568,0.2958665699782451,0.0,0.04060913705583756,0.0
2017-03-24_12-48-00-366-I-T-interrogator_openface.csv,I-T,1.0,0.04190340909090909,0.0,0.12926136363636365,0.5646306818181818,0.08948863636363637,0.1356534090909091,0.011363636363636364,0.027698863636363636,0.0
2017-03-24_12-48-00-366-W-T-describer_openface.csv,W-T,1.0,0.059574468085106386,0.0070921985815602835,0.00851063829787234,0.0,0.12907801418439716,0.5390070921985816,0.006382978723404255,0.250354609929078,0.0
2017-03-29_12-14-08-617-I-T-interrogator_openface.csv,I-T,1.0,0.14990328820116053,0.009671179883945842,0.10444874274661509,0.30754352030947774,0.13346228239845262,0.19148936170212766,0.0609284332688588,0.0425531914893617,0.0
2017-03-29_12-14-08-617-W-T-describer_openface.csv,W-T,1.0,0.11030082041932543,0.011850501367365542,0.0054694621695533276,0.0,0.019143117593436645,0.6198723792160438,0.0528714676390155,0.1804922515952598,0.0
2017-03-29_13-29-09-99-I-T-interrogator_openface.csv,I-T,1.0,0.0031496062992125984,0.0,0.15118110236220472,0.831496062992126,0.012598425196850394,0.0015748031496062992,0.0,0.0,0.0
2017-03-29_13-29-09-99-W-T-describer_openface.csv,W-T,1.0,0.010228166797797011,0.06136900078678206,0.1919748229740362,0.07867820613690008,0.15971675845790717,0.25334382376081827,0.0023603461841070024,0.23524783634933125,0.007081038552321007
2017-04-04_13-18-48-414-I-T-interrogator_openface.csv,I-T,1.0,0.05837837837837838,0.0,0.001081081081081081,0.7935135135135135,0.008648648648648649,0.024864864864864864,0.11351351351351352,0.0,0.0
2017-04-04_13-18-48-414-W-T-describer_openface.csv,W-T,1.0,0.0,0.04859611231101512,0.0,0.0,0.0,0.052915766738660906,0.0,0.8984881209503239,0.0
2017-04-04_13-27-35-915-I-B-interrogator_openface.csv,I-B,0.0,0.0018467220683287165,0.20406278855032317,0.0,0.0,0.0,0.036011080332409975,0.0,0.7580794090489381,0.0
2017-04-04_13-27-35-915-W-B-describer_openface.csv,W-B,0.0,0.20385674931129477,0.014692378328741965,0.0036730945821854912,0.06152433425160698,0.024793388429752067,0.3755739210284665,0.19559228650137742,0.12029384756657484,0.0
2017-04-04_13-58-57-956-I-T-interrogator_openface.csv,I-T,1.0,0.1833195706028076,0.0,0.152766308835673,0.3905862923203964,0.08505367464905036,0.058629232039636665,0.10982658959537572,0.01981833195706028,0.0
2017-04-04_13-58-57-956-W-T-describer_openface.csv,W-T,1.0,0.005952380952380952,0.0,0.7721088435374149,0.002551020408163265,0.1292517006802721,0.0858843537414966,0.004251700680272109,0.0,0.0
2017-04-07_12-41-41-762-W-B-0407a_openface.csv,W-B,0.0,0.0072683222289521504,0.0036341611144760752,0.09024833434282253,0.0,0.12295578437310721,0.6044821320411872,0.0018170805572380376,0.15142337976983647,0.018170805572380374
2017-04-07_12-48-02-966-I-T-0407a_openface.csv,I-T,1.0,0.0656013456686291,0.0,0.191757779646762,0.044575273338940284,0.26997476871320436,0.4095878889823381,0.0,0.018502943650126155,0.0
2017-04-07_12-48-02-966-W-T-0407b_openface.csv,W-T,1.0,0.0,0.0,0.6,0.0,0.0,0.4,0.0,0.0,0.0
2017-04-07_13-01-25-367-I-B-0407b_openface.csv,I-B,0.0,0.0,0.0,0.0,0.0,0.0,1.0,0.0,0.0,0.0
2017-04-07_13-01-25-367-W-B-0407a_openface.csv,W-B,0.0,0.0,0.001430615164520744,0.18812589413447783,0.000715307582260372,0.2753934191702432,0.46208869814020026,0.0,0.07224606580829757,0.0
2017-04-07_13-07-53-382-I-T-0407a_openface.csv,I-T,1.0,0.002708192281651997,0.0006770480704129993,0.13744075829383887,0.0,0.11983750846310089,0.6086662153012864,0.0,0.13067027758970887,0.0
2017-04-07_13-07-53-382-W-T-0407b_openface.csv,W-T,1.0,0.07407407407407407,0.0,0.2962962962962963,0.2222222222222222,0.07407407407407407,0.25925925925925924,0.0,0.07407407407407407,0.0
2017-04-12_13-00-34-288-I-B-scheema_openface.csv,I-B,0.0,0.02092050209205021,0.022315202231520222,0.27615062761506276,0.09762900976290098,0.11436541143654114,0.2384937238493724,0.001394700139470014,0.22873082287308227,0.0
2017-04-12_13-00-34-288-W-B-lame_openface.csv,W-B,0.0,0.0,0.0,0.7795031055900621,0.09006211180124224,0.09316770186335403,0.037267080745341616,0.0,0.0,0.0
2017-04-12_13-09-02-798-I-T-scheema_openface.csv,I-T,1.0,0.029151943462897525,0.08833922261484099,0.07332155477031801,0.02120141342756184,0.1775618374558304,0.2597173144876325,0.018551236749116608,0.15636042402826855,0.17579505300353357
2017-04-12_13-09-02-798-W-T-lame_openface.csv,W-T,1.0,0.0,0.0,0.43037974683544306,0.0,0.24472573839662448,0.2468354430379747,0.0,0.07805907172995781,0.0
2017-04-12_13-15-00-532-I-B-scheema_openface.csv,I-B,0.0,0.002284843869002285,0.2421934501142422,0.1447067783701447,0.0030464584920030465,0.09672505712109672,0.09672505712109672,0.0,0.24447829398324447,0.16984006092916984
2017-04-12_13-15-00-532-W-B-lame_openface.csv,W-B,0.0,0.0,0.06647807637906648,0.5785007072135785,0.005657708628005658,0.1371994342291372,0.09618104667609619,0.0,0.09052333804809053,0.02545968882602546
2017-04-12_13-21-03-94-I-T-scheema_openface.csv,I-T,1.0,0.01064638783269962,0.13079847908745248,0.09505703422053231,0.0714828897338403,0.07680608365019011,0.27452471482889734,0.01749049429657795,0.19239543726235742,0.13079847908745248
2017-04-12_13-21-03-94-W-T-lame_openface.csv,W-T,1.0,0.007431874483897605,0.04541701073492981,0.2634186622625929,0.0008257638315441783,0.17341040462427745,0.37572254335260113,0.0033030553261767133,0.13047068538398018,0.0
2017-04-12_14-02-20-877-I-B-arc555_openface.csv,I-B,0.0,0.0,0.018497109826589597,0.5583815028901734,0.0,0.2138728323699422,0.15606936416184972,0.0,0.046242774566473986,0.006936416184971098
2017-04-12_14-02-20-877-W-B-midris2_openface.csv,W-B,0.0,0.19636963696369636,0.0429042904290429,0.0,0.0,0.019801980198019802,0.4174917491749175,0.0891089108910891,0.23432343234323433,0.0
2017-04-12_14-11-09-515-I-T-arc555_openface.csv,I-T,1.0,0.0,0.11519607843137254,0.4950980392156863,0.0,0.13725490196078433,0.07107843137254902,0.0,0.04411764705882353,0.13725490196078433
2017-04-12_14-11-09-515-W-T-becs_openface.csv,W-T,1.0,0.0,0.2857142857142857,0.0,0.0,0.0,0.0,0.0,0.7142857142857143,0.0
2017-04-12_14-18-12-410-I-B-arc555_openface.csv,I-B,0.0,0.0,0.04074702886247878,0.4363327674023769,0.0,0.22920203735144312,0.13752122241086587,0.0,0.14770797962648557,0.008488964346349746
2017-04-12_14-18-12-410-W-B-becs_openface.csv,W-B,0.0,0.0,0.01910828025477707,0.0,0.0,0.0,0.3248407643312102,0.0,0.6560509554140127,0.0
2017-04-12_14-28-52-283-I-B-arc555_openface.csv,I-B,0.0,0.0,0.09115281501340483,0.3699731903485255,0.0,0.18230563002680966,0.14745308310991956,0.0,0.13136729222520108,0.0777479892761394
2017-04-12_14-28-52-283-W-B-becs_openface.csv,W-B,0.0,0.0,0.4166666666666667,0.0,0.0,0.0,0.0,0.0,0.5833333333333334,0.0
2017-04-12_14-40-07-485-I-T-interrogator_openface.csv,I-T,1.0,0.04291845493562232,0.031473533619456366,0.0,0.0,0.0,0.4592274678111588,0.0004768717215069146,0.45398187887458274,0.011921793037672867
2017-04-12_14-40-07-485-W-T-becs_openface.csv,W-T,1.0,0.12311015118790497,0.02591792656587473,0.0,0.0,0.0064794816414686825,0.4319654427645788,0.04103671706263499,0.3714902807775378,0.0
2017-04-13_11-03-47-890-I-T-interrogator_openface.csv,I-T,1.0,0.0,0.07524613220815753,0.0,0.0,0.0,0.0,0.0,0.9247538677918424,0.0
2017-04-13_11-03-47-890-W-T-bchin4_openface.csv,W-T,1.0,0.19670905011219147,0.0,0.06357516828721017,0.2849663425579656,0.035153328347045626,0.02393418100224383,0.3956619296933433,0.0,0.0
2017-04-13_11-13-01-549-I-T-bchin4_openface.csv,I-T,1.0,0.02962962962962963,0.0,0.03851851851851852,0.7518518518518519,0.02962962962962963,0.07629629629629629,0.07407407407407407,0.0,0.0
2017-04-13_11-13-01-549-W-T-kvombatk_openface.csv,W-T,1.0,0.1610738255033557,0.0014914243102162564,0.0,0.0,0.0,0.44220730797912006,0.06636838180462341,0.3288590604026846,0.0
2017-04-13_13-19-35-145-I-B-interrogator_openface.csv,I-B,0.0,0.0022658610271903325,0.009818731117824773,0.0,0.0,0.0,0.0770392749244713,0.0,0.9108761329305136,0.0
2017-04-13_13-19-35-145-W-B-Chris6002_openface.csv,W-B,0.0,0.21811594202898552,0.005072463768115942,0.0,0.0,0.0,0.06884057971014493,0.6753623188405797,0.03260869565217391,0.0
2017-04-13_13-26-17-966-I-T-interrogator_openface.csv,I-T,1.0,0.0,0.020195439739413682,0.0,0.0,0.0,0.0,0.0,0.9798045602605863,0.0
2017-04-13_13-26-17-966-W-T-Chris6002_openface.csv,W-T,1.0,0.04630186410102225,0.006013229104028864,0.0,0.0,0.0,0.04630186410102225,0.8634996993385448,0.03006614552014432,0.007817197835237523
2017-04-13_14-03-12-253-I-T-jchoi71_openface.csv,I-T,1.0,0.06071179344033496,0.024424284717376135,0.31332868108862527,0.11235170969993022,0.1388695045359386,0.10816468946266573,0.18492672714584787,0.05722260990928123,0.0
2017-04-13_14-03-12-253-W-T-NMcCloud1997_openface.csv,W-T,1.0,0.04092071611253197,0.015345268542199489,0.17519181585677748,0.12148337595907928,0.21994884910485935,0.31585677749360613,0.029411764705882353,0.08184143222506395,0.0
2017-04-13_14-12-24-294-I-B-interrogator_openface.csv,I-B,0.0,0.0,0.06280875088214538,0.0,0.0,0.0,0.0007057163020465773,0.0,0.926605504587156,0.009880028228652082
2017-04-13_14-12-24-294-W-B-estrauch_openface.csv,W-B,0.0,0.02975778546712803,0.01245674740484429,0.5771626297577854,0.04775086505190312,0.21038062283737025,0.08512110726643599,0.01245674740484429,0.02491349480968858,0.0
2017-04-14_14-02-28-29-I-B-interrogator_openface.csv,I-B,0.0,0.028823058446757407,0.0,0.0,0.02722177742193755,0.0,0.013610888710968775,0.9159327461969575,0.014411529223378704,0.0
2017-04-14_14-02-28-29-W-B-jli119_openface.csv,W-B,0.0,0.0166270783847981,0.04592240696753761,0.41963578780680916,0.13855898653998416,0.18448139350752177,0.12984956452889945,0.006334125098970704,0.05859065716547902,0.0
2017-04-14_14-11-44-333-I-B-jli119_openface.csv,I-B,0.0,0.0022010271460014674,0.07043286867204696,0.28246515040352166,0.09684519442406456,0.11298606016140866,0.16874541452677916,0.0007336757153338225,0.26559060895084374,0.0
2017-04-14_14-11-44-333-W-B-sye8_openface.csv,W-B,0.0,0.010309278350515464,0.32989690721649484,0.0,0.0,0.0,0.17525773195876287,0.0,0.4742268041237113,0.010309278350515464
2017-04-14_14-18-43-166-I-B-sye8_openface.csv,I-B,0.0,0.0,0.0,0.0,0.013513513513513514,0.02702702702702703,0.1891891891891892,0.0,0.6621621621621622,0.10810810810810811
2017-04-14_14-18-43-166-W-B-jli119_openface.csv,W-B,0.0,0.008441558441558441,0.09480519480519481,0.36948051948051946,0.052597402597402594,0.16558441558441558,0.18831168831168832,0.0,0.11038961038961038,0.01038961038961039
2017-04-14_15-05-06-501-I-T-interrogator_openface.csv,I-T,1.0,0.11558307533539731,0.0,0.0,0.03611971104231166,0.0,0.05159958720330237,0.7316821465428277,0.06501547987616099,0.0
2017-04-14_15-05-06-501-W-T-gabesarch_openface.csv,W-T,1.0,0.3232016210739615,0.02330293819655522,0.0668693009118541,0.10131712259371833,0.0425531914893617,0.2674772036474164,0.12158054711246201,0.05065856129685917,0.00303951367781155
2017-04-14_15-11-45-95-I-B-interrogator_openface.csv,I-B,0.0,0.12677053824362605,0.00141643059490085,0.0056657223796034,0.09490084985835694,0.009915014164305949,0.05099150141643059,0.6968838526912181,0.012747875354107648,0.000708215297450425
2017-04-14_15-11-45-95-W-B-gabesarch_openface.csv,W-B,0.0,0.21837708830548927,0.0,0.22255369928400956,0.21479713603818615,0.03639618138424821,0.09307875894988067,0.2094272076372315,0.0053699284009546535,0.0
2017-04-14_15-19-05-68-I-T-interrogator_openface.csv,I-T,1.0,0.05235602094240838,0.07015706806282722,0.0,0.011518324607329843,0.0,0.02198952879581152,0.7842931937172775,0.05235602094240838,0.007329842931937173
2017-04-14_15-19-05-68-W-T-gabesarch_openface.csv,W-T,1.0,0.20613107822410148,0.03699788583509514,0.11416490486257928,0.12156448202959831,0.03171247357293869,0.2558139534883721,0.13953488372093023,0.07716701902748414,0.016913319238900635
2017-04-14_15-57-43-236-I-T-jshtheshredder_openface.csv,I-T,1.0,0.022267206477732792,0.058704453441295545,0.0465587044534413,0.013157894736842105,0.06376518218623482,0.29048582995951416,0.015182186234817813,0.4392712550607287,0.05060728744939271
2017-04-14_15-57-43-236-W-T-jvalinsky_openface.csv,W-T,1.0,0.0,0.3767985611510791,0.0,0.0,0.0,0.05575539568345324,0.0,0.512589928057554,0.05485611510791367
2017-04-14_16-04-38-645-I-T-jvalinsky_openface.csv,I-T,1.0,0.0035087719298245615,0.0,0.03274853801169591,0.0,0.17777777777777778,0.5251461988304094,0.0,0.2608187134502924,0.0
2017-04-14_16-04-38-645-W-T-jshtheshredder_openface.csv,W-T,1.0,0.061356297093649086,0.0,0.1883745963401507,0.46932185145317545,0.1108719052744887,0.09364908503767493,0.061356297093649086,0.015069967707212056,0.0
2017-04-14_16-11-26-504-I-B-jshtheshredder_openface.csv,I-B,0.0,0.029970760233918127,0.0,0.2324561403508772,0.47733918128654973,0.08260233918128655,0.1162280701754386,0.005847953216374269,0.05555555555555555,0.0
2017-04-14_16-11-26-504-W-B-aollarve_openface.csv,W-B,0.0,0.08265582655826559,0.06368563685636856,0.0,0.0,0.0013550135501355014,0.2032520325203252,0.3509485094850949,0.2953929539295393,0.0027100271002710027
