Filename,filetype,y,duchenne,neutral,strong duchenne,6 only,polite
2016-03-03_18-01-50-492-I-T-interrogator_openface.csv,I-T,True,0.0,0.7953890489913544,0.0,0.09029779058597502,0.1143131604226705
2016-03-03_18-01-50-492-W-T-bpark014_openface.csv,W-T,True,0.16666666666666666,0.0,0.0,0.8333333333333334,0.0
2016-03-11_16-16-40-42-I-B-interrogator_openface.csv,I-B,False,0.025067144136078783,0.19874664279319607,0.0,0.7627573858549687,0.01342882721575649
2016-03-11_16-16-40-42-W-B-pamela3_openface.csv,W-B,False,0.352580927384077,0.0,0.007874015748031496,0.6395450568678915,0.0
2016-03-15_18-15-13-468-I-T-interrogator_openface.csv,I-T,True,0.045008183306055646,0.7217675941080196,0.004909983633387889,0.22504091653027825,0.0032733224222585926
2016-03-15_18-15-13-468-W-T-Sprinkles_openface.csv,W-T,True,0.09735973597359736,0.07425742574257425,0.0,0.12788778877887788,0.7004950495049505
2016-03-15_21-12-05-243-I-T-interrogator_openface.csv,I-T,True,0.0,0.9689497716894977,0.0,0.031050228310502283,0.0
2016-03-15_21-12-05-243-W-T-Asha4678_openface.csv,W-T,True,0.0,0.9859154929577465,0.0,0.014084507042253521,0.0
2016-03-16_10-05-49-922-I-T-annabanana_openface.csv,I-T,True,0.0,0.1,0.0,0.0,0.9
2016-03-16_10-05-49-922-W-T-tarples_openface.csv,W-T,True,0.40870616686819833,0.041112454655380895,0.10519951632406288,0.3373639661426844,0.10761789600967352
2016-06-07_12-20-38-706-I-T-interrogator_openface.csv,I-T,True,0.09383145091225022,0.0,0.013900955690703735,0.8922675933970461,0.0
2016-06-07_12-20-38-706-W-T-pkaye_openface.csv,W-T,True,0.06779661016949153,0.3135593220338983,0.0,0.6186440677966102,0.0
2016-06-08_13-59-09-521-I-B-matb321_openface.csv,I-B,False,0.018518518518518517,0.6442495126705653,0.0,0.0,0.33723196881091616
2016-06-08_13-59-09-521-W-B-sethdeco_openface.csv,W-B,False,0.06960227272727272,0.3693181818181818,0.007102272727272727,0.0,0.5539772727272727
2016-06-08_14-28-32-854-I-B-ESKAiNE_openface.csv,I-B,False,0.0,0.19047619047619047,0.0,0.8095238095238095,0.0
2016-06-08_14-28-32-854-W-B-JimBob_openface.csv,W-B,False,0.0,0.19478737997256515,0.0,0.7791495198902606,0.02606310013717421
2016-06-08_19-02-40-950--I-B-amyflam_openface.csv,I-B,False,0.0,0.9333333333333333,0.0,0.0,0.06666666666666667
2016-06-08_19-02-40-950-W-B-stars33hoc_openface.csv,W-B,False,0.0,0.9702643171806168,0.0,0.0,0.02973568281938326
2016-06-09_09-05-50-814-I-T-jay24_openface.csv,I-T,True,0.3512658227848101,0.08860759493670886,0.0,0.5506329113924051,0.00949367088607595
2016-06-09_09-05-50-814-W-T-chomp_openface.csv,W-T,True,0.0,0.3411978221415608,0.0,0.6388384754990926,0.019963702359346643
2016-06-09_09-16-19-112-I-T-interrogator_openface.csv,I-T,True,0.04815133276010318,0.0008598452278589854,0.0,0.9492691315563199,0.0017196904557179708
2016-06-09_09-16-19-112-W-T-pacers101_openface.csv,W-T,True,0.0,0.996078431372549,0.0,0.0029411764705882353,0.000980392156862745
2016-06-09_10-21-37-95-I-B-interrogator_openface.csv,I-B,False,0.0,0.9411764705882353,0.0,0.058823529411764705,0.0
2016-06-09_10-21-37-95-W-B-describer_openface.csv,W-B,False,0.3994708994708995,0.0291005291005291,0.24603174603174602,0.1693121693121693,0.15608465608465608
2016-06-09_14-57-19-201-I-B-spottmonsta_openface.csv,I-B,False,0.3052959501557632,0.08307372793354102,0.04776739356178609,0.5192107995846313,0.0446521287642783
2016-06-09_14-57-19-201-W-B-RobbyRoo_openface.csv,W-B,False,0.11960784313725491,0.42745098039215684,0.246078431372549,0.00196078431372549,0.20490196078431372
2016-06-09_19-03-42-701-I-T-Blankman_openface.csv,I-T,True,0.043243243243243246,0.4486486486486487,0.02702702702702703,0.15315315315315314,0.3279279279279279
2016-06-09_19-03-42-701-W-T-slothbear_openface.csv,W-T,True,0.4892086330935252,0.3597122302158273,0.0,0.08633093525179857,0.06474820143884892
2016-06-10_11-15-58-679-I-T-interrogator_openface.csv,I-T,True,0.10036496350364964,0.5328467153284672,0.0,0.3029197080291971,0.06386861313868614
2016-06-10_11-15-58-679-W-T-Obes86_openface.csv,W-T,True,0.021087680355160933,0.5882352941176471,0.0,0.06326304106548279,0.3274139844617092
2016-06-15_14-19-27-616-I-B-interrogator_openface.csv,I-B,False,0.10683760683760683,0.1111111111111111,0.0,0.021367521367521368,0.7606837606837606
2016-06-15_14-19-27-616-W-B-describer_openface.csv,W-B,False,0.03602726387536514,0.8169425511197663,0.021421616358325218,0.0759493670886076,0.04965920155793573
2016-06-17_12-13-27-771-I-T-interrogator_openface.csv,I-T,True,0.0,0.4550321199143469,0.0,0.0,0.5449678800856531
2016-06-27_10-18-39-581-I-T-midi_openface.csv,I-T,True,0.0,0.8143133462282398,0.0,0.14119922630560927,0.04448742746615087
2016-06-27_10-18-39-581-W-T-blueamy_openface.csv,W-T,True,0.013592233009708738,0.0,0.0,0.9864077669902913,0.0
2016-06-27_13-10-48-352-I-T-interrogator_openface.csv,I-T,True,0.0,1.0,0.0,0.0,0.0
2016-06-27_13-10-48-352-W-T-describer_openface.csv,W-T,True,0.0163727959697733,0.022670025188916875,0.0,0.05037783375314862,0.9105793450881612
2016-06-27_15-39-18-93-I-T-mturkff21_openface.csv,I-T,True,0.0,0.4378698224852071,0.0,0.35502958579881655,0.20710059171597633
2016-06-27_15-39-18-93-W-T-Buck417_openface.csv,W-T,True,0.003676470588235294,0.8100490196078431,0.0,0.1017156862745098,0.08455882352941177
2016-06-27_16-30-46-620-I-B-jenningska_openface.csv,I-B,False,0.24363233665559247,0.08637873754152824,0.20376522702104097,0.0033222591362126247,0.4629014396456257
2016-06-27_16-30-46-620-W-B-hwong_openface.csv,W-B,False,0.035632183908045977,0.1413793103448276,0.059770114942528735,0.7632183908045977,0.0
2016-06-27_18-38-55-777-I-B-interrogator_openface.csv,I-B,False,0.012084592145015106,0.0,0.0,0.9871601208459214,0.0007552870090634441
2016-06-27_18-38-55-777-W-B-xyjiryo_openface.csv,W-B,False,0.0,0.9303482587064676,0.0,0.0,0.06965174129353234
2016-06-28_11-01-38-934-I-B-interrogator_openface.csv,I-B,False,0.012759170653907496,0.30861244019138756,0.0,0.6275917065390749,0.051036682615629984
2016-06-28_11-01-38-934-W-B-MasterBeatty_openface.csv,W-B,False,0.0016038492381716118,0.24939855653568566,0.0,0.0,0.7489975942261428
2016-06-28_14-46-30-695-I-B-interrogator_openface.csv,I-B,False,0.12579113924050633,0.038765822784810125,0.0,0.7943037974683544,0.04113924050632911
2016-06-28_14-46-30-695-W-B-DefJukie_openface.csv,W-B,False,0.29172932330827067,0.0015037593984962407,0.0,0.0007518796992481203,0.706015037593985
2016-06-28_14-54-10-129-I-T-SkiMan_openface.csv,I-T,True,0.48427672955974843,0.0,0.4779874213836478,0.0,0.03773584905660377
2016-06-28_14-54-10-129-W-T-kessikitty_openface.csv,W-T,True,0.07666098807495741,0.29471890971039183,0.0034071550255536627,0.5877342419080068,0.03747870528109029
2016-06-29_11-06-57-279-I-B-interrogator_openface.csv,I-B,False,0.0,0.6772908366533864,0.0,0.03054448871181939,0.2921646746347942
2016-06-29_11-06-57-279-W-B-describer_openface.csv,W-B,False,0.14285714285714285,0.0,0.0,0.7142857142857143,0.14285714285714285
2016-06-30_14-03-23-90-I-T-interrogator_openface.csv,I-T,True,0.0,0.3333333333333333,0.0,0.0,0.6666666666666666
2016-06-30_14-03-23-90-W-T-describer_openface.csv,W-T,True,0.3573735199138859,0.1603875134553283,0.006458557588805167,0.2023681377825619,0.27341227125941875
2016-07-01_11-11-17-124-I-B-interrogator_openface.csv,I-B,False,0.05595854922279793,0.34093264248704663,0.06321243523316063,0.0,0.5398963730569948
2016-07-01_11-11-17-124-W-B-describer_openface.csv,W-B,False,0.06043956043956044,0.22527472527472528,0.013736263736263736,0.0989010989010989,0.6016483516483516
2016-07-01_11-21-24-649-I-T-interrogator_openface.csv,I-T,True,0.2727272727272727,0.0,0.0,0.0,0.7272727272727273
2016-07-01_11-21-24-649-W-T-describer_openface.csv,W-T,True,0.0165016501650165,0.6325632563256326,0.0,0.10121012101210121,0.24972497249724973
2016-07-01_14-09-14-629-I-B-interrogator_openface.csv,I-B,False,0.18625277161862527,0.5454545454545454,0.10864745011086474,0.04656319290465632,0.1130820399113082
2016-07-01_14-09-14-629-W-B-describer_openface.csv,W-B,False,0.17761806981519507,0.0646817248459959,0.12628336755646818,0.003080082135523614,0.6283367556468172
2016-07-01_14-17-15-163-I-B-interrogator_openface.csv,I-B,False,0.24722838137472283,0.004434589800443459,0.10643015521064302,0.0,0.6419068736141907
2016-07-01_14-17-15-163-W-B-describer_openface.csv,W-B,False,0.1134020618556701,0.422680412371134,0.11929307805596466,0.03829160530191458,0.30633284241531666
2016-10-31_14-31-23-340-I-T-mtworker21_openface.csv,I-T,True,0.0,0.5070422535211268,0.0,0.07042253521126761,0.4225352112676056
2016-10-31_14-31-23-340-W-T-cdt9681_openface.csv,W-T,True,0.11948676824378508,0.38412189254210105,0.0,0.32878909382518046,0.16760224538893345
2016-10-31_14-50-50-13-I-B-interrogator_openface.csv,I-B,False,0.07168458781362007,0.0,0.0,0.9283154121863799,0.0
2016-10-31_14-50-50-13-W-B-N3IL_openface.csv,W-B,False,0.0,0.9653220099079972,0.0,0.0,0.03467799009200283
2016-10-31_14-57-52-839-I-B-interrogator_openface.csv,I-B,False,0.11317829457364341,0.0,0.006201550387596899,0.8806201550387597,0.0
2016-10-31_14-57-52-839-W-B-Gabby12_openface.csv,W-B,False,0.0,0.9748603351955307,0.0,0.008379888268156424,0.01675977653631285
2016-11-02_09-00-13-953-I-B-jcook2849_openface.csv,I-B,False,0.17474048442906576,0.43079584775086505,0.023356401384083045,0.0328719723183391,0.3382352941176471
2016-11-02_09-00-13-953-W-B-CheerfulChuck_openface.csv,W-B,False,0.0,0.9038461538461539,0.0,0.038461538461538464,0.057692307692307696
2016-11-02_09-12-07-438-I-T-interrogator_openface.csv,I-T,True,0.04548844146159582,0.6711409395973155,0.020134228187919462,0.2080536912751678,0.055182699478001494
2016-11-02_09-12-07-438-W-T-CheerfulChuck_openface.csv,W-T,True,0.0,0.8189845474613686,0.0,0.06181015452538632,0.11920529801324503
2016-11-07_16-04-30-467-I-T-mturker69_openface.csv,I-T,True,0.011305241521068859,0.8663926002055499,0.0,0.02158273381294964,0.10071942446043165
2016-11-07_16-04-30-467-W-T-Marc_openface.csv,W-T,True,0.22832369942196531,0.0,0.027938342967244702,0.005780346820809248,0.7379576107899807
2016-11-07_16-31-08-51-I-B-interrogator_openface.csv,I-B,False,0.047286821705426356,0.3937984496124031,0.0,0.18604651162790697,0.37286821705426354
2016-11-07_16-31-08-51-W-B-Marc_openface.csv,W-B,False,0.004580152671755725,0.0,0.0,0.0,0.9954198473282443
2016-11-16_15-02-44-269-I-T-cupcakemenace_openface.csv,I-T,True,0.959349593495935,0.0,0.0,0.0,0.04065040650406504
2016-11-16_15-02-44-269-W-T-Dorabella_openface.csv,W-T,True,0.29411764705882354,0.029411764705882353,0.0,0.5588235294117647,0.11764705882352941
2016-11-16_15-09-44-142-I-B-Dorabella_openface.csv,I-B,False,0.0,0.7469879518072289,0.0,0.12048192771084337,0.13253012048192772
2016-11-16_15-09-44-142-W-B-cupcakemenace_openface.csv,W-B,False,0.2135593220338983,0.2745762711864407,0.0,0.17627118644067796,0.33559322033898303
2016-11-16_15-16-14-317-I-B-cupcakemenace_openface.csv,I-B,False,0.05314685314685315,0.17062937062937064,0.0,0.6503496503496503,0.1258741258741259
2016-11-16_15-16-14-317-W-B-Dorabella_openface.csv,W-B,False,0.0684931506849315,0.0273972602739726,0.0,0.7397260273972602,0.1643835616438356
2016-11-16_15-22-35-549-I-T-Dorabella_openface.csv,I-T,True,0.5384615384615384,0.0,0.0,0.07692307692307693,0.38461538461538464
2016-11-16_15-22-35-549-W-T-cupcakemenace_openface.csv,W-T,True,0.12394366197183099,0.20422535211267606,0.04225352112676056,0.5140845070422535,0.11549295774647887
2016-11-16_15-28-45-33-I-T-cupcakemenace_openface.csv,I-T,True,0.04090909090909091,0.0,0.0,0.08181818181818182,0.8772727272727273
2016-11-16_15-28-45-33-W-T-Dorabella_openface.csv,W-T,True,0.0,0.0,0.0,1.0,0.0
2016-11-17_15-04-57-574-I-B-Starlord5_openface.csv,I-B,False,0.3718861209964413,0.021352313167259787,0.12099644128113879,0.42704626334519574,0.05871886120996441
2016-11-17_15-04-57-574-W-B-Larremor_openface.csv,W-B,False,0.22015915119363394,0.3819628647214854,0.19363395225464192,0.03183023872679045,0.1724137931034483
2016-11-17_15-13-20-248-I-B-Starlord5_openface.csv,I-B,False,0.2743221690590112,0.004784688995215311,0.04784688995215311,0.6363636363636364,0.03668261562998405
2016-11-17_15-13-20-248-W-B-Larremor_openface.csv,W-B,False,0.04468085106382979,0.5117021276595745,0.18617021276595744,0.11595744680851064,0.14148936170212767
2016-11-17_15-30-42-250-I-B-Larremor_openface.csv,I-B,False,0.30376940133037694,0.15521064301552107,0.21286031042128603,0.19955654101995565,0.1286031042128603
2016-11-17_15-30-42-250-W-B-Starlord5_openface.csv,W-B,False,0.11306532663316583,0.035175879396984924,0.0,0.7989949748743719,0.052763819095477386
2016-11-17_15-37-36-401-I-B-Starlord5_openface.csv,I-B,False,0.2561247216035635,0.051224944320712694,0.24721603563474387,0.2561247216035635,0.18930957683741648
2016-11-17_15-37-36-401-W-B-Larremor_openface.csv,W-B,False,0.29017013232514177,0.09924385633270322,0.4867674858223062,0.04158790170132325,0.08223062381852551
2016-12-09_15-31-59-194-I-T-interrogator_openface.csv,I-T,True,0.04178814382896016,0.12244897959183673,0.004859086491739553,0.5558794946550049,0.2750242954324587
2016-12-09_15-31-59-194-W-T-UserJ_openface.csv,W-T,True,0.0552423900789177,0.4487034949267193,0.0,0.036076662908680945,0.4599774520856821
2016-12-15_11-16-56-369-I-T-ce1hci_openface.csv,I-T,True,0.2465564738292011,0.0,0.07713498622589532,0.0,0.6763085399449036
2016-12-15_11-16-56-369-W-T-rk1hci_openface.csv,W-T,True,0.0,0.7584033613445378,0.0,0.07142857142857142,0.17016806722689076
2016-12-15_11-24-43-478-I-T-rk1hci_openface.csv,I-T,True,0.007518796992481203,0.49624060150375937,0.0,0.05263157894736842,0.44360902255639095
2016-12-15_11-24-43-478-W-T-ce1hci_openface.csv,W-T,True,0.41687344913151364,0.028535980148883373,0.013647642679900745,0.0,0.5409429280397022
2016-12-15_11-33-07-644-I-B-ce1hci_openface.csv,I-B,False,0.027293404094010616,0.0978013646702047,0.0,0.0,0.8749052312357847
2016-12-15_11-33-07-644-W-B-rk1hci_openface.csv,W-B,False,0.003194888178913738,0.9121405750798722,0.0,0.027156549520766772,0.05750798722044728
2017-01-07_11-22-41-332-I-T-awaller1990_openface.csv,I-T,True,0.0,1.0,0.0,0.0,0.0
2017-01-07_11-22-41-332-W-T-JB123_openface.csv,W-T,True,0.007407407407407408,0.22962962962962963,0.0,0.6533333333333333,0.10962962962962963
2017-01-09_17-06-50-611-I-B-interrogator_openface.csv,I-B,False,0.13793103448275862,0.3708999158957107,0.027754415475189236,0.33978132884777124,0.12363330529857022
2017-01-09_17-06-50-611-W-B-BurnsIV_openface.csv,W-B,False,0.009259259259259259,0.9755892255892256,0.0,0.0,0.015151515151515152
2017-01-12_19-38-26-565-I-T-interrogator_openface.csv,I-T,True,0.11730769230769231,0.6307692307692307,0.05576923076923077,0.0,0.19615384615384615
2017-01-12_19-38-26-565-W-T-ROBOT136M_openface.csv,W-T,True,0.31086142322097376,0.0,0.2397003745318352,0.14606741573033707,0.30337078651685395
2017-01-13_10-05-15-634-I-T-beerhound_openface.csv,I-T,True,0.016073478760045924,0.8622273249138921,0.0,0.021814006888633754,0.09988518943742825
2017-01-13_10-05-15-634-W-T-dan1212_openface.csv,W-T,True,0.010273972602739725,0.2865296803652968,0.0,0.5570776255707762,0.1461187214611872
2017-01-13_10-15-21-96-I-T-interrogator_openface.csv,I-T,True,0.48367501898253606,0.0,0.009111617312072893,0.4160971905846621,0.09111617312072894
2017-01-13_10-15-21-96-W-T-waterlu3_openface.csv,W-T,True,0.026050420168067228,0.6403361344537815,0.0,0.25630252100840334,0.0773109243697479
2017-01-15_11-58-28-695-I-T-interrogator_openface.csv,I-T,True,0.05217391304347826,0.8144927536231884,0.0,0.034782608695652174,0.09855072463768116
2017-01-15_11-58-28-695-W-T-bobbie_openface.csv,W-T,True,0.0,0.6405529953917051,0.0,0.004608294930875576,0.3548387096774194
2017-01-19_21-44-30-30-I-B-smithj57_openface.csv,I-B,False,0.12085561497326203,0.253475935828877,0.07165775401069518,0.04171122994652406,0.5122994652406417
2017-01-19_21-44-30-30-W-B-bradymow_openface.csv,W-B,False,0.12340425531914893,0.01702127659574468,0.05702127659574468,0.005106382978723404,0.7974468085106383
2017-01-23_14-11-22-452-I-B-Mon23p2_openface.csv,I-B,False,0.3876611418047882,0.017495395948434623,0.02117863720073665,0.06077348066298342,0.5128913443830571
2017-01-23_14-11-22-452-W-B-Mon23p1_openface.csv,W-B,False,0.029465930018416207,0.860036832412523,0.058931860036832415,0.026703499079189688,0.024861878453038673
2017-01-23_14-22-31-901-I-T-Mon23p1_openface.csv,I-T,True,0.0019940179461615153,0.9491525423728814,0.005982053838484547,0.01694915254237288,0.0259222333000997
2017-01-23_14-22-31-901-W-T-Mon23p3_openface.csv,W-T,True,0.015952143569292122,0.8305084745762712,0.0259222333000997,0.01694915254237288,0.1106679960119641
2017-01-23_14-36-37-921-I-B-Mon23p2_openface.csv,I-B,False,0.8722513089005236,0.0,0.028272251308900525,0.09842931937172775,0.0010471204188481676
2017-01-23_14-36-37-921-W-B-Mon23p3_openface.csv,W-B,False,0.029958677685950414,0.8109504132231405,0.006198347107438017,0.007231404958677686,0.14566115702479338
2017-01-23_14-51-16-907-I-B-Mon23p1_openface.csv,I-B,False,0.01146384479717813,0.937389770723104,0.019400352733686066,0.006172839506172839,0.025573192239858905
2017-01-23_14-51-16-907-W-B-Mon23p2_openface.csv,W-B,False,0.517636684303351,0.026455026455026454,0.001763668430335097,0.2724867724867725,0.18165784832451498
2017-01-24_13-14-08-252-I-T-interrogator_openface.csv,I-T,True,0.004651162790697674,0.8930232558139535,0.04093023255813953,0.0009302325581395349,0.06046511627906977
2017-01-24_13-14-08-252-W-T-describer_openface.csv,W-T,True,0.05017605633802817,0.4022887323943662,0.0,0.12059859154929578,0.4269366197183099
2017-01-24_13-24-30-926-I-B-interrogator_openface.csv,I-B,False,0.20473372781065088,0.42011834319526625,0.004733727810650888,0.01893491124260355,0.3514792899408284
2017-01-24_13-24-30-926-W-B-describer_openface.csv,W-B,False,0.1519434628975265,0.6383981154299175,0.0176678445229682,0.024734982332155476,0.16725559481743227
2017-01-24_13-30-57-338-I-T-interrogator_openface.csv,I-T,True,0.12118226600985221,0.2246305418719212,0.0,0.14285714285714285,0.5113300492610837
2017-01-24_13-30-57-338-W-T-describer_openface.csv,W-T,True,0.0,0.9852941176470589,0.0,0.010784313725490196,0.00392156862745098
2017-01-24_13-39-49-946-I-T-interrogator_openface.csv,I-T,True,0.056103108415466264,0.6800606520090978,0.012130401819560273,0.20166793025018953,0.050037907505686124
2017-01-24_13-39-49-946-W-T-describer_openface.csv,W-T,True,0.08832335329341318,0.2971556886227545,0.0,0.025449101796407185,0.5890718562874252
2017-01-25_14-06-44-152-I-B-wed2_openface.csv,I-B,False,0.1388888888888889,0.21296296296296297,0.0,0.0,0.6481481481481481
2017-01-25_14-06-44-152-W-B-wed3_openface.csv,W-B,False,0.07381889763779527,0.7618110236220472,0.03937007874015748,0.015748031496062992,0.10925196850393701
2017-01-25_14-27-37-757-I-B-wed3_openface.csv,I-B,False,0.006798096532970768,0.9061862678450034,0.04010876954452753,0.006798096532970768,0.04010876954452753
2017-01-25_14-27-37-757-W-B-wed2_openface.csv,W-B,False,0.03188405797101449,0.13405797101449277,0.009420289855072464,0.013768115942028985,0.8108695652173913
2017-01-26_14-16-48-797-I-T-interrogator_openface.csv,I-T,True,0.02040816326530612,0.9311224489795918,0.0,0.0195578231292517,0.02891156462585034
2017-01-26_14-16-48-797-W-T-describer_openface.csv,W-T,True,0.00594732370433305,0.9855564995751912,0.0,0.0,0.008496176720475786
2017-01-26_14-26-15-622-I-B-interrogator_openface.csv,I-B,False,0.024175824175824177,0.7304029304029304,0.0,0.0,0.2454212454212454
2017-01-26_14-26-15-622-W-B-describer_openface.csv,W-B,False,0.007309941520467836,0.952485380116959,0.0,0.023391812865497075,0.016812865497076022
2017-01-26_14-38-29-906-I-T-interrogator_openface.csv,I-T,True,0.3180682764363031,0.020815986677768527,0.4704412989175687,0.04579517069109076,0.14487926727726894
2017-01-26_14-38-29-906-W-T-describer_openface.csv,W-T,True,0.06408094435075885,0.5404721753794266,0.021922428330522766,0.03709949409780776,0.33642495784148396
2017-01-26_14-47-20-540-I-B-interrogator_openface.csv,I-B,False,0.17551755175517553,0.15031503150315031,0.04950495049504951,0.0,0.6246624662466247
2017-01-26_14-47-20-540-W-B-describer_openface.csv,W-B,False,0.32234432234432236,0.0,0.6245421245421245,0.004578754578754579,0.048534798534798536
2017-01-27_14-09-18-253-I-B-1272_openface.csv,I-B,False,0.1607565011820331,0.1607565011820331,0.0,0.2293144208037825,0.4491725768321513
2017-01-27_14-09-18-253-W-B-1271_openface.csv,W-B,False,0.09692671394799054,0.061465721040189124,0.0,0.7446808510638298,0.09692671394799054
2017-01-27_14-20-31-480-I-B-1273_openface.csv,I-B,False,0.015435501653803748,0.7221609702315325,0.0,0.022050716648291068,0.24035281146637266
2017-01-27_14-20-31-480-W-B-1274_openface.csv,W-B,False,0.061505832449628844,0.672322375397667,0.0,0.23329798515376457,0.032873806998939555
2017-01-27_14-28-32-985-I-T-1274_openface.csv,I-T,True,0.0,0.9519940915805022,0.0,0.01772525849335303,0.030280649926144758
2017-01-27_14-28-32-985-W-T-1271_openface.csv,W-T,True,0.23608017817371937,0.0066815144766146995,0.022271714922048998,0.734966592427617,0.0
2017-01-27_14-36-04-870-I-B-1272_openface.csv,I-B,False,0.0021645021645021645,0.9448051948051948,0.0,0.0367965367965368,0.016233766233766232
2017-01-27_14-36-04-870-W-B-1273_openface.csv,W-B,False,0.0,0.8705501618122977,0.0,0.0,0.12944983818770225
2017-01-30_14-02-09-31-I-T-1230mon1_openface.csv,I-T,True,0.027210884353741496,0.9013605442176871,0.017857142857142856,0.0,0.05357142857142857
2017-01-30_14-02-09-31-W-T-1230mon2_openface.csv,W-T,True,0.12032355915065723,0.08998988877654196,0.003033367037411527,0.47724974721941354,0.30940343781597573
2017-01-30_14-09-32-917-I-T-1230mon2_openface.csv,I-T,True,0.11494252873563218,0.2581786030061892,0.09372236958443855,0.1927497789566755,0.34040671971706454
2017-01-30_14-09-32-917-W-T-1230mon1_openface.csv,W-T,True,0.0333889816360601,0.8839732888146912,0.03589315525876461,0.001669449081803005,0.045075125208681135
2017-01-31_14-11-22-778-I-B-131e_openface.csv,I-B,False,0.0031545741324921135,0.9392744479495269,0.0,0.0,0.057570977917981075
2017-01-31_14-11-22-778-W-B-131c_openface.csv,W-B,False,0.030688622754491017,0.9116766467065869,0.0029940119760479044,0.0,0.05464071856287425
2017-02-01_14-12-23-235-I-B-interrogator_openface.csv,I-B,False,0.01692047377326565,0.6548223350253807,0.0,0.32148900169204736,0.00676818950930626
2017-02-01_14-12-23-235-W-B-feb1p1_openface.csv,W-B,False,0.043327556325823226,0.15424610051993068,0.058925476603119586,0.23050259965337955,0.512998266897747
2017-02-01_14-20-40-167-I-B-interrogator_openface.csv,I-B,False,0.030366492146596858,0.44293193717277485,0.0010471204188481676,0.5151832460732985,0.010471204188481676
2017-02-01_14-20-40-167-W-B-feb1p1_openface.csv,W-B,False,0.09947643979057591,0.29842931937172773,0.05235602094240838,0.3486910994764398,0.20104712041884817
2017-02-02_14-03-12-820-I-B-feb2p2_openface.csv,I-B,False,0.0963855421686747,0.5093099671412924,0.0,0.0,0.39430449069003287
2017-02-02_14-03-12-820-W-B-feb2P3_openface.csv,W-B,False,0.14103923647932132,0.3711558854718982,0.043478260869565216,0.0689289501590668,0.3753976670201485
2017-02-03_14-17-10-481-I-B-gt1hci_openface.csv,I-B,False,0.24043715846994534,0.07923497267759563,0.42896174863387976,0.0,0.25136612021857924
2017-02-03_14-17-10-481-W-B-fridayb_openface.csv,W-B,False,0.15013404825737264,0.1769436997319035,0.032171581769437,0.0,0.6407506702412868
2017-02-03_14-27-51-501-I-B-fridayc_openface.csv,I-B,False,0.32858707557502737,0.044906900328587074,0.16757940854326397,0.00547645125958379,0.4534501642935378
2017-02-03_14-27-51-501-W-B-fridaya_openface.csv,W-B,False,0.45045045045045046,0.05662805662805663,0.15315315315315314,0.007722007722007722,0.33204633204633205
2017-02-03_14-36-53-693-I-T-fridayc_openface.csv,I-T,True,0.4506283662477558,0.09784560143626571,0.07271095152603231,0.04308797127468582,0.3357271095152603
2017-02-03_14-36-53-693-W-T-fridayb_openface.csv,W-T,True,0.02242152466367713,0.8251121076233184,0.0,0.08251121076233184,0.06995515695067264
2017-02-06_14-13-11-507-I-B-interrogator_openface.csv,I-B,False,0.1958762886597938,0.0,0.8041237113402062,0.0,0.0
2017-02-06_14-13-11-507-W-B-feb6p1_openface.csv,W-B,False,0.375,0.0,0.49184782608695654,0.002717391304347826,0.13043478260869565
2017-02-06_14-21-16-706-I-T-interrogator_openface.csv,I-T,True,0.02857142857142857,0.24285714285714285,0.0,0.7285714285714285,0.0
2017-02-06_14-21-16-706-W-T-feb6p1_openface.csv,W-T,True,0.044097693351424695,0.7340569877883311,0.032564450474898234,0.0033921302578018998,0.18588873812754408
2017-02-08_14-04-01-129-I-B-interrogator_openface.csv,I-B,False,0.0,0.3333333333333333,0.0,0.6666666666666666,0.0
2017-02-08_14-04-01-129-W-B-feb8p1_openface.csv,W-B,False,0.0,1.0,0.0,0.0,0.0
2017-02-09_14-06-18-285-I-B-feb9p1_openface.csv,I-B,False,0.3086283185840708,0.051991150442477874,0.00663716814159292,0.00995575221238938,0.6227876106194691
2017-02-09_14-06-18-285-W-B-feb9p2_openface.csv,W-B,False,0.0,0.15824175824175823,0.0,0.0,0.8417582417582418
2017-02-09_14-14-04-955-I-B-feb9p2_openface.csv,I-B,False,0.16038492381716118,0.10665597433841219,0.0136327185244587,0.0,0.7193263833199679
2017-02-09_14-14-04-955-W-B-feb9p1_openface.csv,W-B,False,0.3954802259887006,0.04116222760290557,0.22841000807102502,0.0,0.33494753833736884
2017-02-10_14-05-44-437-I-T-feb10p1_openface.csv,I-T,True,0.10028248587570622,0.0,0.05508474576271186,0.0,0.844632768361582
2017-02-10_14-05-44-437-W-T-feb10p2_openface.csv,W-T,True,0.04755043227665706,0.6729106628242075,0.0,0.005763688760806916,0.2737752161383285
2017-02-10_14-15-29-238-I-T-interrogator_openface.csv,I-T,True,0.13783783783783785,0.0,0.0,0.8621621621621621,0.0
2017-02-10_14-15-29-238-W-T-feb10p4_openface.csv,W-T,True,0.2627939142461964,0.33748271092669435,0.0,0.13278008298755187,0.2669432918395574
2017-02-13_14-11-59-155-I-T-feb213a_openface.csv,I-T,True,0.029357798165137616,0.6990825688073394,0.0,0.03669724770642202,0.23486238532110093
2017-02-13_14-11-59-155-W-T-feb213b_openface.csv,W-T,True,0.2646566164154104,0.05025125628140704,0.0,0.5611390284757118,0.12395309882747069
2017-02-13_14-22-05-764-I-B-feb213a_openface.csv,I-B,False,0.3240043057050592,0.13347685683530677,0.0,0.18729817007534985,0.35522066738428415
2017-02-13_14-22-05-764-W-B-feb213c_openface.csv,W-B,False,0.03015873015873016,0.05238095238095238,0.0,0.9174603174603174,0.0
2017-02-13_14-33-47-982-I-T-feb213a_openface.csv,I-T,True,0.08644400785854617,0.46954813359528486,0.0,0.39587426326129665,0.0481335952848723
2017-02-16_14-12-40-292-I-B-0216a_openface.csv,I-B,False,0.081,0.769,0.02,0.0,0.13
2017-02-16_14-12-40-292-W-B-0216b_openface.csv,W-B,False,0.071,0.408,0.0,0.009,0.512
2017-02-16_14-19-04-926-I-B-0216a_openface.csv,I-B,False,0.0015151515151515152,0.9121212121212121,0.0,0.0,0.08636363636363636
2017-02-16_14-19-04-926-W-B-0216b_openface.csv,W-B,False,0.005303030303030303,0.8348484848484848,0.0,0.006818181818181818,0.15303030303030302
2017-03-03_11-20-05-755-I-T-interrogator_openface.csv,I-T,True,0.07430830039525692,0.2956521739130435,0.0023715415019762848,0.6094861660079052,0.01818181818181818
2017-03-03_11-20-05-755-W-T-describer_openface.csv,W-T,True,0.0027662517289073307,0.9778699861687413,0.0,0.006915629322268326,0.012448132780082987
2017-03-03_11-35-42-851-I-B-interrogator_openface.csv,I-B,False,0.0,0.75,0.0,0.0,0.25
2017-03-03_11-35-42-851-W-B-describer_openface.csv,W-B,False,0.05793742757821553,0.24797219003476245,0.09269988412514485,0.0996523754345307,0.5017381228273464
2017-03-03_12-14-45-849-I-B-interrogator_openface.csv,I-B,False,0.23728813559322035,0.0,0.0,0.0,0.7627118644067796
2017-03-03_12-14-45-849-W-B-describer_openface.csv,W-B,False,0.13990610328638498,0.4413145539906103,0.12769953051643193,0.10422535211267606,0.18685446009389672
2017-03-03_12-22-10-468-I-T-interrogator_openface.csv,I-T,True,0.8421052631578947,0.0,0.0,0.15789473684210525,0.0
2017-03-03_12-22-10-468-W-T-describer_openface.csv,W-T,True,0.04799107142857143,0.002232142857142857,0.0,0.0,0.9497767857142857
2017-03-03_12-29-48-550-I-T-interrogator_openface.csv,I-T,True,0.5473684210526316,0.0,0.0,0.0,0.45263157894736844
2017-03-03_12-29-48-550-W-T-describer_openface.csv,W-T,True,0.13970149253731343,0.4525373134328358,0.0,0.09492537313432836,0.31283582089552237
2017-03-03_12-37-32-755-W-T-describer_openface.csv,W-T,True,0.2205128205128205,0.014358974358974359,0.2041025641025641,0.022564102564102566,0.5384615384615384
2017-03-03_13-12-03-237-I-B-interrogator_openface.csv,I-B,False,0.2834051724137931,0.0668103448275862,0.19504310344827586,0.0,0.4547413793103448
2017-03-03_13-12-03-237-W-B-describer_openface.csv,W-B,False,0.796037296037296,0.0337995337995338,0.04079254079254079,0.011655011655011656,0.11771561771561771
2017-03-03_13-20-28-731-I-T-interrogator_openface.csv,I-T,True,0.06321839080459771,0.6424010217113666,0.09578544061302682,0.0,0.19859514687100893
2017-03-03_13-20-28-731-W-T-describer_openface.csv,W-T,True,0.553030303030303,0.013257575757575758,0.17613636363636365,0.09974747474747475,0.15782828282828282
2017-03-03_13-30-40-756-I-B-interrogator_openface.csv,I-B,False,0.19386227544910178,0.0,0.0,0.04491017964071856,0.7612275449101796
2017-03-03_13-30-40-756-W-B-describer_openface.csv,W-B,False,0.02667744543249798,0.7801131770412287,0.0,0.004042037186742118,0.18916734033953111
2017-03-08_12-08-33-112-I-B-interrogator_openface.csv,I-B,False,0.0,1.0,0.0,0.0,0.0
2017-03-08_12-08-33-112-W-B-describer_openface.csv,W-B,False,0.23728813559322035,0.0,0.0,0.0,0.7627118644067796
2017-03-08_12-18-42-263-I-T-interrogator_openface.csv,I-T,True,0.5826086956521739,0.0,0.3031055900621118,0.08322981366459627,0.031055900621118012
2017-03-08_12-27-19-148-I-B-interrogator_openface.csv,I-B,False,0.025330396475770924,0.43281938325991187,0.0,0.048458149779735685,0.4933920704845815
2017-03-08_13-12-38-74-I-T-interrogator_openface.csv,I-T,True,0.24777887462981243,0.35735439289239884,0.044422507403751234,0.09674234945705824,0.25370187561697927
2017-03-08_13-12-38-74-W-T-describer_openface.csv,W-T,True,0.15789473684210525,0.15789473684210525,0.039473684210526314,0.02631578947368421,0.618421052631579
2017-03-08_13-24-24-724-I-T-interrogator_openface.csv,I-T,True,0.0,0.8256285482562855,0.0,0.0,0.17437145174371452
2017-03-08_13-24-24-724-W-T-describer_openface.csv,W-T,True,0.19463087248322147,0.375,0.0,0.17197986577181207,0.25838926174496646
2017-03-24_10-48-39-430-I-B-interrogator_openface.csv,I-B,False,0.2066957787481805,0.08005822416302766,0.0,0.0,0.7132459970887919
2017-03-24_10-48-39-430-W-B-describer_openface.csv,W-B,False,0.09073359073359073,0.17374517374517376,0.0,0.03474903474903475,0.7007722007722008
2017-03-24_11-01-01-49-I-B-interrogator_openface.csv,I-B,False,0.004032258064516129,0.4959677419354839,0.0,0.008064516129032258,0.49193548387096775
2017-03-24_11-44-02-309-I-T-interrogator_openface.csv,I-T,True,0.15942028985507245,0.21739130434782608,0.11594202898550725,0.0,0.5072463768115942
2017-03-24_11-44-02-309-W-T-describer_openface.csv,W-T,True,0.15625,0.0798611111111111,0.1388888888888889,0.4965277777777778,0.1284722222222222
2017-03-24_11-50-29-214-I-B-interrogator_openface.csv,I-B,False,0.2245430809399478,0.3028720626631854,0.016971279373368148,0.09138381201044386,0.3642297650130548
2017-03-24_11-50-29-214-W-B-describer_openface.csv,W-B,False,0.30225711481844947,0.07948969578017664,0.10794896957801767,0.040235525024533855,0.47006869479882235
2017-03-24_11-56-40-959-I-T-interrogator_openface.csv,I-T,True,0.06887052341597796,0.5344352617079889,0.0,0.15335169880624427,0.2433425160697888
2017-03-24_11-56-40-959-W-T-describer_openface.csv,W-T,True,0.06350626118067978,0.19856887298747763,0.0,0.12701252236135957,0.610912343470483
2017-03-24_12-40-18-142-I-T-interrogator_openface.csv,I-T,True,0.3099290780141844,0.02695035460992908,0.0,0.4851063829787234,0.17801418439716313
2017-03-24_12-40-18-142-W-T-describer_openface.csv,W-T,True,0.03118201595358956,0.4452501812907904,0.0,0.013778100072516316,0.5097897026831038
2017-03-24_12-48-00-366-I-T-interrogator_openface.csv,I-T,True,0.01278409090909091,0.8309659090909091,0.0,0.01775568181818182,0.13849431818181818
2017-03-24_12-48-00-366-W-T-describer_openface.csv,W-T,True,0.19432624113475178,0.2,0.0,0.1198581560283688,0.4858156028368794
2017-03-29_12-14-08-617-I-T-interrogator_openface.csv,I-T,True,0.029980657640232108,0.7794970986460348,0.0,0.09961315280464217,0.09090909090909091
2017-03-29_12-14-08-617-W-T-describer_openface.csv,W-T,True,0.1267092069279854,0.2534184138559708,0.0,0.25888787602552416,0.3609845031905196
2017-03-29_13-29-09-99-I-T-interrogator_openface.csv,I-T,True,0.0,0.984251968503937,0.0,0.0,0.015748031496062992
2017-03-29_13-29-09-99-W-T-describer_openface.csv,W-T,True,0.24075531077891424,0.3902439024390244,0.023603461841070025,0.016522423288749016,0.3288749016522423
2017-04-04_13-18-48-414-I-T-interrogator_openface.csv,I-T,True,0.0,0.9881081081081081,0.0,0.011891891891891892,0.0
2017-04-04_13-18-48-414-W-T-describer_openface.csv,W-T,True,0.8056155507559395,0.0,0.0,0.10151187904967603,0.09287257019438445
2017-04-04_13-27-35-915-I-B-interrogator_openface.csv,I-B,False,0.8596491228070176,0.0,0.027700831024930747,0.06463527239150507,0.04801477377654663
2017-04-04_13-27-35-915-W-B-describer_openface.csv,W-B,False,0.06611570247933884,0.5399449035812672,0.0,0.3379247015610652,0.05601469237832874
2017-04-04_13-58-57-956-I-T-interrogator_openface.csv,I-T,True,0.005780346820809248,0.9248554913294798,0.0,0.06688687035507845,0.002477291494632535
2017-04-04_13-58-57-956-W-T-describer_openface.csv,W-T,True,0.0,0.17261904761904762,0.0,0.015306122448979591,0.8120748299319728
2017-04-07_12-41-41-762-W-B-0407a_openface.csv,W-B,False,0.07389460932768019,0.22652937613567534,0.02059357964869776,0.2973955178679588,0.38158691701998787
2017-04-07_12-48-02-966-I-T-0407a_openface.csv,I-T,True,0.00336417157275021,0.631623212783852,0.0,0.05550883095037847,0.30950378469301937
2017-04-07_12-48-02-966-W-T-0407b_openface.csv,W-T,True,0.0,0.4,0.0,0.0,0.6
2017-04-07_13-01-25-367-I-B-0407b_openface.csv,I-B,False,0.0,0.0,0.0,0.0,1.0
2017-04-07_13-01-25-367-W-B-0407a_openface.csv,W-B,False,0.027896995708154508,0.19527896995708155,0.0,0.0765379113018598,0.7002861230329042
2017-04-07_13-07-53-382-I-T-0407a_openface.csv,I-T,True,0.06431956668923494,0.1956668923493568,0.0,0.3121191604603927,0.4278943805010156
2017-04-07_13-07-53-382-W-T-0407b_openface.csv,W-T,True,0.0,0.7407407407407407,0.0,0.07407407407407407,0.18518518518518517
2017-04-12_13-00-34-288-I-B-scheema_openface.csv,I-B,False,0.19665271966527198,0.4714086471408647,0.005578800557880056,0.04881450488145049,0.2775453277545328
2017-04-12_13-00-34-288-W-B-lame_openface.csv,W-B,False,0.0,0.7639751552795031,0.0,0.0,0.2360248447204969
2017-04-12_13-09-02-798-I-T-scheema_openface.csv,I-T,True,0.15547703180212014,0.2508833922261484,0.24558303886925795,0.007067137809187279,0.3409893992932862
2017-04-12_13-09-02-798-W-T-lame_openface.csv,W-T,True,0.04219409282700422,0.14767932489451477,0.0,0.002109704641350211,0.8080168776371308
2017-04-12_13-15-00-532-I-B-scheema_openface.csv,I-B,False,0.2840822543792841,0.14623000761614624,0.3571972581873572,0.0015232292460015233,0.21096725057121096
2017-04-12_13-15-00-532-W-B-lame_openface.csv,W-B,False,0.1188118811881188,0.32673267326732675,0.06647807637906648,0.0,0.48797736916548795
2017-04-12_13-21-03-94-I-T-scheema_openface.csv,I-T,True,0.17946768060836502,0.2509505703422053,0.23041825095057034,0.05171102661596958,0.2874524714828897
2017-04-12_13-21-03-94-W-T-lame_openface.csv,W-T,True,0.10734929810074319,0.3212221304706854,0.027250206440957887,0.012386457473162676,0.5317919075144508
2017-04-12_14-02-20-877-I-B-arc555_openface.csv,I-B,False,0.08208092485549133,0.05202312138728324,0.024277456647398842,0.0023121387283236996,0.8393063583815029
2017-04-12_14-02-20-877-W-B-midris2_openface.csv,W-B,False,0.16666666666666666,0.13366336633663367,0.0,0.6567656765676567,0.0429042904290429
2017-04-12_14-11-09-515-I-T-arc555_openface.csv,I-T,True,0.06372549019607843,0.15931372549019607,0.24019607843137256,0.0,0.5367647058823529
2017-04-12_14-11-09-515-W-T-becs_openface.csv,W-T,True,1.0,0.0,0.0,0.0,0.0
2017-04-12_14-18-12-410-I-B-arc555_openface.csv,I-B,False,0.1799660441426146,0.013582342954159592,0.042444821731748725,0.0,0.7640067911714771
2017-04-12_14-18-12-410-W-B-becs_openface.csv,W-B,False,0.2229299363057325,0.006369426751592357,0.006369426751592357,0.4968152866242038,0.267515923566879
2017-04-12_14-28-52-283-I-B-arc555_openface.csv,I-B,False,0.20107238605898123,0.0,0.15281501340482573,0.0,0.646112600536193
2017-04-12_14-28-52-283-W-B-becs_openface.csv,W-B,False,0.75,0.0,0.25,0.0,0.0
2017-04-12_14-40-07-485-I-T-interrogator_openface.csv,I-T,True,0.13590844062947066,0.0,0.015736766809728183,0.8483547925608012,0.0
2017-04-12_14-40-07-485-W-T-becs_openface.csv,W-T,True,0.21382289416846653,0.12742980561555076,0.0021598272138228943,0.5334773218142549,0.12311015118790497
2017-04-13_11-03-47-890-I-T-interrogator_openface.csv,I-T,True,0.5857946554149086,0.0,0.0189873417721519,0.3952180028129395,0.0
2017-04-13_11-03-47-890-W-T-bchin4_openface.csv,W-T,True,0.0,0.8534031413612565,0.0,0.14659685863874344,0.0
2017-04-13_11-13-01-549-I-T-bchin4_openface.csv,I-T,True,0.0,0.9533333333333334,0.0,0.028148148148148148,0.018518518518518517
2017-04-13_11-13-01-549-W-T-kvombatk_openface.csv,W-T,True,0.10738255033557047,0.0686055182699478,0.0,0.8173005219985086,0.006711409395973154
2017-04-13_13-19-35-145-I-B-interrogator_openface.csv,I-B,False,0.5649546827794562,0.0,0.0015105740181268882,0.4335347432024169,0.0
2017-04-13_13-19-35-145-W-B-Chris6002_openface.csv,W-B,False,0.010144927536231883,0.008695652173913044,0.0,0.981159420289855,0.0
2017-04-13_13-26-17-966-I-T-interrogator_openface.csv,I-T,True,0.637785016286645,0.0,0.0,0.36221498371335503,0.0
2017-04-13_13-26-17-966-W-T-Chris6002_openface.csv,W-T,True,0.00661455201443175,0.0072158749248346366,0.011425135297654841,0.9747444377630787,0.0
2017-04-13_14-03-12-253-I-T-jchoi71_openface.csv,I-T,True,0.0628053035589672,0.7034193998604327,0.00209351011863224,0.06489881367759945,0.16678297278436846
2017-04-13_14-03-12-253-W-T-NMcCloud1997_openface.csv,W-T,True,0.056265984654731455,0.49104859335038364,0.014066496163682864,0.08312020460358056,0.3554987212276215
2017-04-13_14-12-24-294-I-B-interrogator_openface.csv,I-B,False,0.7720536344389556,0.0,0.02611150317572336,0.2018348623853211,0.0
2017-04-13_14-12-24-294-W-B-estrauch_openface.csv,W-B,False,0.02768166089965398,0.7252595155709343,0.006920415224913495,0.0,0.24013840830449826
2017-04-14_14-02-28-29-I-B-interrogator_openface.csv,I-B,False,0.005604483586869495,0.5948759007205765,0.0,0.39951961569255406,0.0
2017-04-14_14-02-28-29-W-B-jli119_openface.csv,W-B,False,0.0625494853523357,0.6421219319081551,0.028503562945368172,0.000791765637371338,0.2660332541567696
2017-04-14_14-11-44-333-I-B-jli119_openface.csv,I-B,False,0.2751283932501834,0.3705062362435803,0.024944974321349962,0.0,0.3294203961848863
2017-04-14_14-11-44-333-W-B-sye8_openface.csv,W-B,False,0.5773195876288659,0.010309278350515464,0.1958762886597938,0.10309278350515463,0.1134020618556701
2017-04-14_14-18-43-166-I-B-sye8_openface.csv,I-B,False,0.47297297297297297,0.04054054054054054,0.10810810810810811,0.2702702702702703,0.10810810810810811
2017-04-14_14-18-43-166-W-B-jli119_openface.csv,W-B,False,0.13636363636363635,0.44025974025974024,0.06298701298701298,0.005194805194805195,0.3551948051948052
2017-04-14_15-05-06-501-I-T-interrogator_openface.csv,I-T,True,0.033023735810113516,0.6047471620227038,0.0,0.3622291021671827,0.0
2017-04-14_15-05-06-501-W-T-gabesarch_openface.csv,W-T,True,0.03242147922998987,0.6453900709219859,0.017223910840932118,0.2502532928064843,0.0547112462006079
2017-04-14_15-11-45-95-I-B-interrogator_openface.csv,I-B,False,0.007082152974504249,0.5786118980169972,0.00141643059490085,0.4093484419263456,0.0035410764872521247
2017-04-14_15-11-45-95-W-B-gabesarch_openface.csv,W-B,False,0.0017899761336515514,0.8502386634844868,0.0,0.13484486873508353,0.013126491646778043
2017-04-14_15-19-05-68-I-T-interrogator_openface.csv,I-T,True,0.05968586387434555,0.35602094240837695,0.05759162303664921,0.5267015706806283,0.0
2017-04-14_15-19-05-68-W-T-gabesarch_openface.csv,W-T,True,0.06342494714587738,0.6585623678646935,0.0412262156448203,0.21881606765327696,0.017970401691331923
2017-04-14_15-57-43-236-I-T-jshtheshredder_openface.csv,I-T,True,0.35526315789473684,0.1214574898785425,0.08198380566801619,0.11740890688259109,0.32388663967611336
2017-04-14_15-57-43-236-W-T-jvalinsky_openface.csv,W-T,True,0.6483812949640287,0.0,0.20593525179856115,0.014388489208633094,0.13129496402877697
2017-04-14_16-04-38-645-I-T-jvalinsky_openface.csv,I-T,True,0.15204678362573099,0.004678362573099415,0.0,0.05497076023391813,0.7883040935672515
2017-04-14_16-04-38-645-W-T-jshtheshredder_openface.csv,W-T,True,0.0,0.8934337997847147,0.0,0.006458557588805167,0.10010764262648009
2017-04-14_16-11-26-504-I-B-jshtheshredder_openface.csv,I-B,False,0.031432748538011694,0.8114035087719298,0.0,0.05555555555555555,0.10160818713450293
2017-04-14_16-11-26-504-W-B-aollarve_openface.csv,W-B,False,0.24254742547425473,0.17073170731707318,0.028455284552845527,0.5447154471544715,0.013550135501355014
